TIMESTAMP,time,RECORD,AirTemp_Avg,RHcorrected_Avg,WS_ms,WindDir,WindDir_StDev,WS_ms_Max,SnowDepth,SignalQuality,HFP_Avg,VWC_Avg,EC_Avg,SoilTemp_Avg,SnowTemp20cm_Avg,SnowTemp150cm_Avg,AirTemp_Std,RHcorrected_Std,WS_ms_Std,VWC_K_10_Avg,EC_K_10_Avg,SoilTemp_K_10_Avg,VWC_K_35_Avg,EC_K_35_Avg,SoilTemp_K_35_Avg,VWC_K_60_Avg,EC_K_60_Avg,SoilTemp_K_60_Avg,VWC_K_120_Avg,EC_K_120_Avg,SoilTemp_K_120_Avg,BattV
2016-07-18 05:00,5,15421,,,1.632,221.3,37.31,3.312,0.308,264,-30.67626,0.194,0.006,4.185,4.279,4.871,0.034,0.066,0.489,0.251,0.011,7.991,0.389,0.13,9.28,0.395,0.17,8.27,0.434,0.17,6.479,12.61
2016-07-18 05:15,5.25,15422,,,2.184,156.8,19.37,3.94,0.303,238,-29.4019,0.194,0.006,4.072,5.229,5.277,0.038,0.051,1.115,0.251,0.011,7.918,0.389,0.13,9.23,0.395,0.171,8.28,0.434,0.17,6.497,12.62
2016-07-18 05:30,5.5,15423,,,1.851,219.4,25.4,3.91,0.288,435,-22.59026,0.194,0.006,4.065,6.031,6.236,0.083,0.118,0.586,0.251,0.011,7.86,0.389,0.129,9.24,0.395,0.171,8.31,0.434,0.169,6.506,12.75
2016-07-18 05:45,5.75,15424,,,1.979,169.6,27.64,3.224,0.319,235,-6.870729,0.194,0.006,4.216,8.24,9.33,0.029,0.095,0.619,0.251,0.011,7.815,0.389,0.129,9.22,0.395,0.171,8.27,0.434,0.17,6.526,12.87
2016-07-18 06:00:00,6,15425,,,0.551111,160.4,21.61,3.548,0.313,236,13.32563,0.194,0.006,4.631,9.6,10.87,0.071,0.056,0.575,0.251,0.011,7.716,0.389,0.129,9.21,0.395,0.17,8.27,0.434,0.17,6.47,13.01
2016-07-18 06:15:00,6.25,15426,,,0.326667,173.9,33.54,2.871,0.32,249,26.06926,0.194,0.006,5.141,11.57,12.05,0.03,0.143,0.705,0.25,0.011,7.663,0.389,0.129,9.19,0.395,0.17,8.26,0.434,0.17,6.506,13.14
2016-07-18 06:30:00,6.5,15427,,,0.84,154.6,23.12,6.213,0.31,239,35.3233,0.194,0.006,5.697,10.2,11.85,0.068,0.176,1.268,0.25,0.011,7.622,0.389,0.129,9.15,0.395,0.171,8.27,0.434,0.17,6.511,13.27
2016-07-18 06:45:00,6.75,15428,,,1.094722,154.3,17.05,6.576,0.312,229,37.3622,0.194,0.006,6.515,10.11,11.84,0.092,0.138,0.872,0.25,0.011,7.554,0.389,0.129,9.17,0.395,0.172,8.27,0.434,0.17,6.458,13.35
2016-07-18 07:00:00,7,15429,,,1.096389,154.4,17.46,7.242,0.32,228,47.65092,0.194,0.006,7.332,10.42,12.21,0.107,0.09,0.905,0.25,0.011,7.493,0.389,0.129,9.13,0.395,0.171,8.28,0.434,0.17,6.479,13.42
2016-07-18 07:15:00,7.25,15430,,,1.227778,146.8,16.58,6.537,0.315,304,52.20782,0.193,0.006,8.15,10.54,12.46,0.077,0.03,1.001,0.25,0.011,7.487,0.388,0.129,9.14,0.395,0.171,8.28,0.434,0.17,6.464,13.44
2016-07-18 07:30:00,7.5,15431,,,1.26,145,16.14,7.115,0.322,279,56.6443,0.193,0.006,8.94,10.71,12.51,0.113,0.031,1.11,0.25,0.011,7.464,0.388,0.129,9.11,0.395,0.17,8.28,0.434,0.169,6.484,13.51
2016-07-18 07:45:00,7.75,15432,,,1.536944,138.8,14.83,8.1,0.308,273,56.75069,0.193,0.006,9.72,10.4,11.88,0.082,0.085,0.907,0.25,0.011,7.453,0.388,0.129,9.09,0.395,0.171,8.26,0.434,0.169,6.455,13.52
2016-07-18 08:00:00,8,15433,,,1.604722,132.2,11.98,7.742,0.304,322,62.21426,0.193,0.006,10.23,10.75,12.04,0.042,0.161,0.911,0.25,0.011,7.503,0.388,0.129,9.05,0.395,0.171,8.25,0.434,0.17,6.479,13.47
2016-07-18 08:15:00,8.25,15434,,,1.678611,134.8,11.34,7.82,0.319,274,62.41505,0.192,0.006,10.88,11.13,12.43,0.05,0.05,0.899,0.25,0.011,7.559,0.388,0.129,9.06,0.395,0.171,8.27,0.434,0.169,6.517,13.54
2016-07-18 08:30:00,8.5,15435,,,1.695278,138.1,13,8.11,0.323,312,62.75024,0.192,0.006,11.5,11.76,13.13,0.067,0.042,0.94,0.25,0.011,7.638,0.388,0.129,9.03,0.395,0.171,8.28,0.434,0.17,6.479,13.61
2016-07-18 08:45:00,8.75,15436,,,1.579722,127.7,12.54,9.41,0.316,224,65.70815,0.192,0.006,12.15,11.92,12.82,0.009,0.099,1.014,0.25,0.011,7.712,0.388,0.128,8.98,0.395,0.171,8.29,0.434,0.17,6.499,13.57
2016-07-18 09:00:00,9,15437,,,1.490556,122.8,13.12,7.683,0.327,266,73.36642,0.192,0.007,12.75,12.05,12.8,0.046,0.119,0.919,0.25,0.011,7.867,0.388,0.128,9,0.395,0.171,8.29,0.434,0.17,6.458,13.56
2016-07-18 09:15:00,9.25,15438,,,1.640278,124.4,11.02,7.693,0.328,224,76.18152,0.191,0.007,13.36,12.12,12.77,0.046,0.159,0.982,0.25,0.011,7.982,0.388,0.128,8.97,0.395,0.171,8.29,0.434,0.169,6.455,13.61
2016-07-18 09:30:00,9.5,15439,,,1.427778,124.1,11.6,6.899,0.321,294,76.07572,0.191,0.007,13.87,12.86,13.33,0.03,0.038,0.779,0.25,0.011,8.14,0.388,0.128,8.92,0.395,0.171,8.29,0.434,0.169,6.503,13.64
2016-07-18 09:45:00,9.75,15440,,,1.553889,130.4,11.24,7.575,0.325,265,79.09,0.19,0.007,14.41,13.1,13.66,0.062,0.032,0.767,0.25,0.012,8.31,0.388,0.128,8.89,0.395,0.171,8.28,0.434,0.17,6.502,13.62
2016-07-18 10:00:00,10,15441,,,1.488333,132.6,11.79,7.252,0.328,233,86.6301,0.19,0.007,15,13.25,13.6,0.09,0.062,0.78,0.25,0.011,8.48,0.388,0.128,8.89,0.395,0.171,8.29,0.434,0.17,6.444,13.63
2016-07-18 10:15:00,10.25,15442,,,1.468611,119.2,14.21,7.066,0.324,237,71.47419,0.19,0.007,15.51,12.45,12.47,0.148,0.115,0.904,0.25,0.012,8.65,0.388,0.128,8.9,0.395,0.171,8.28,0.434,0.171,6.491,13.56
2016-07-18 10:30:00,10.5,15443,,,1.089167,113.8,20.79,6.301,0.323,252,81.16114,0.189,0.007,15.2,14.18,13.24,0.092,0.054,1.103,0.25,0.012,8.87,0.388,0.128,8.84,0.395,0.171,8.3,0.434,0.17,6.488,13.65
2016-07-18 10:45:00,10.75,15444,,,0.990833,110.1,23.58,6.135,0.326,273,107.0813,0.189,0.007,15.78,14.3,13.61,0.152,0.12,0.999,0.25,0.012,9.04,0.388,0.128,8.85,0.395,0.171,8.29,0.434,0.169,6.485,13.57
2016-07-18 11:00:00,11,15445,,,1.025278,115.6,27.4,6.184,0.311,240,86.94859,0.188,0.007,16.63,15.11,14.09,0.202,0.06,1.206,0.249,0.012,9.25,0.388,0.128,8.84,0.395,0.171,8.29,0.434,0.17,6.479,13.79
2016-07-18 11:15:00,11.25,15446,,,1.07,119.3,19.85,5.723,0.332,290,116.8431,0.188,0.007,17.08,15.34,14.5,0.078,0.085,0.963,0.249,0.012,9.44,0.388,0.128,8.87,0.395,0.171,8.27,0.434,0.17,6.452,13.81
2016-07-18 11:30:00,11.5,15447,,,1.074722,126.2,24.8,6.782,0.324,253,106.2119,0.188,0.007,17.97,14.87,14.55,0.191,0.264,1.258,0.249,0.012,9.65,0.387,0.128,8.82,0.395,0.171,8.27,0.434,0.17,6.473,13.62
2016-07-18 11:45:00,11.75,15448,,,0.892778,137.8,25.24,5.851,0.332,376,32.47987,0.187,0.007,18.14,14.08,13.93,0.32,0.364,1.216,0.249,0.012,9.84,0.387,0.128,8.81,0.395,0.171,8.28,0.434,0.17,6.505,14.04
2016-07-18 12:00:00,12,15449,,,0.761667,104.4,40.74,5.106,0.327,248,27.79846,0.187,0.007,17.25,15.02,14.42,0.272,0.403,1.077,0.249,0.012,10.03,0.387,0.128,8.81,0.395,0.171,8.28,0.434,0.17,6.467,13.58
2016-07-18 12:15:00,12.25,15450,,,0.704444,100.9,36.31,4.724,0.326,241,37.27051,0.186,0.007,17.83,15.77,15.52,0.243,0.159,1.245,0.249,0.012,10.29,0.387,0.128,8.78,0.395,0.171,8.31,0.434,0.17,6.476,13.67
2016-07-18 12:30:00,12.5,15451,,,1.235278,121.6,19.52,6.448,0.327,233,25.6646,0.186,0.007,17.75,15.36,15.57,0.494,0.258,1.184,0.249,0.012,10.49,0.387,0.128,8.78,0.395,0.171,8.27,0.434,0.17,6.496,14.08
2016-07-18 12:45:00,12.75,15452,,,1.161111,116.6,21.08,6.919,0.327,240,15.73556,0.185,0.008,17.04,16.15,16.08,0.342,0.185,1.493,0.248,0.012,10.69,0.387,0.128,8.74,0.395,0.171,8.27,0.433,0.17,6.47,14.13
2016-07-18 13:00:00,13,15453,,,0.904167,106.1,34.99,6.84,0.338,233,25.50435,0.185,0.007,16.26,16.5,16.67,0.306,0.391,1.397,0.248,0.012,10.87,0.387,0.128,8.76,0.394,0.171,8.29,0.433,0.17,6.458,14.17
2016-07-18 13:15:00,13.25,15454,,,0.6325,105.4,51.14,5.321,0.254,254,26.73914,0.184,0.007,15.98,16.99,17.84,0.425,0.406,1.126,0.248,0.012,11.09,0.387,0.127,8.74,0.394,0.17,8.25,0.433,0.17,6.476,14.31
2016-07-18 13:30:00,13.5,15455,,,0.653889,99.6,49.96,5.596,0.346,281,25.78426,0.184,0.007,15.7,16.71,17.88,0.732,0.763,1.206,0.248,0.012,11.31,0.387,0.128,8.76,0.394,0.171,8.31,0.433,0.17,6.461,13.64
2016-07-18 13:45:00,13.75,15456,,,0.771389,114,29.07,6.184,0.337,256,19.88575,0.183,0.007,15.49,15.87,17.07,0.274,0.689,1.192,0.248,0.012,11.52,0.387,0.128,8.76,0.394,0.171,8.28,0.433,0.17,6.449,13.56
2016-07-18 14:00:00,14,15457,,,1.058333,110.9,19.96,5.831,0.332,211,10.67513,0.182,0.007,15.25,15.38,16.42,0.687,0.795,1.134,0.248,0.013,11.75,0.387,0.128,8.77,0.394,0.171,8.26,0.433,0.17,6.461,13.8
2016-07-18 14:15:00,14.25,15458,,,1.154722,119.1,14.55,6.84,0.33,242,9.572976,0.182,0.007,14.91,15.2,15.94,0.263,1.069,1.032,0.248,0.013,11.98,0.387,0.128,8.77,0.394,0.171,8.25,0.433,0.17,6.452,13.49
2016-07-18 14:30:00,14.5,15459,,,1.026111,115,22.15,6.801,0.328,288,1.826972,0.182,0.007,14.72,15.84,17.34,0.368,0.587,1.046,0.247,0.013,12.2,0.387,0.128,8.8,0.394,0.171,8.28,0.433,0.17,6.431,13.69
2016-07-18 14:45:00,14.75,15460,,,0.975833,113.2,30.11,6.341,0.327,237,5.920224,0.181,0.007,14.68,15.69,16.78,0.486,0.544,1.297,0.247,0.013,12.37,0.387,0.128,8.78,0.394,0.171,8.28,0.433,0.17,6.44,13.49
2016-07-18 15:00:00,15,15461,,,0.488333,116,35.43,3.469,0.326,225,21.7365,0.181,0.007,15.26,16.57,18.97,0.516,0.479,0.735,0.247,0.013,12.48,0.387,0.128,8.81,0.394,0.171,8.26,0.433,0.17,6.472,13.57
2016-07-18 15:15:00,15.25,15462,,,0.802778,127.7,27.63,6.35,0.33,219,14.16991,0.18,0.007,15.17,15.44,16.56,0.192,0.14,1.301,0.247,0.013,12.64,0.387,0.128,8.85,0.394,0.17,8.27,0.433,0.17,6.416,13.43
2016-07-18 15:30:00,15.5,15463,,,0.886389,128,18.02,6.096,0.328,244,9.696959,0.18,0.007,14.65,15.74,18.09,0.141,0.284,0.812,0.247,0.013,12.76,0.387,0.129,8.86,0.394,0.171,8.24,0.433,0.169,6.44,13.54
2016-07-18 15:45:00,15.75,15464,,,0.734167,117.5,27.97,4.263,0.33,208,67.43881,0.179,0.007,14.27,16.38,19.2,0.09,0.103,0.973,0.247,0.013,12.87,0.387,0.129,8.85,0.394,0.17,8.25,0.433,0.17,6.443,13.53
2016-07-18 16:00:00,16,15465,,,0.700556,122.9,39.11,5.468,0.325,281,142.055,0.179,0.007,14.19,16.77,20.19,0.096,0.072,1.35,0.247,0.013,12.99,0.387,0.128,8.93,0.394,0.17,8.25,0.433,0.17,6.431,13.41
2016-07-18 16:15:00,16.25,15466,,,0.8775,122.1,30.31,6.556,0.327,219,93.13623,0.179,0.007,13.82,16.11,18.21,0.128,0.25,1.075,0.247,0.013,13.09,0.387,0.128,8.93,0.394,0.17,8.23,0.433,0.17,6.44,13.47
2016-07-18 16:30:00,16.5,15467,,,1.136389,123.3,25.72,6.096,0.317,296,62.50919,0.179,0.007,13.56,16.04,16.89,0.059,0.493,1.117,0.247,0.013,13.15,0.387,0.128,8.97,0.394,0.172,8.26,0.433,0.17,6.437,13.42
2016-07-18 16:45:00,16.75,15468,,,0.721944,123.5,45.67,7.281,0.332,218,32.15583,0.179,0.007,13.37,16.08,16.61,0.061,0.375,1.455,0.247,0.013,13.28,0.387,0.129,8.99,0.394,0.17,8.23,0.433,0.169,6.457,13.37
2016-07-18 17:00:00,17,15469,,,1.593611,128.5,8.83,7.801,0.331,209,-1.921754,0.178,0.007,13.93,15.53,16.04,0.066,0.098,0.945,0.246,0.013,13.4,0.387,0.129,9.03,0.394,0.17,8.24,0.433,0.17,6.413,13.32
2016-07-18 17:15:00,17.25,15470,,,1.016944,115.4,18.48,5.39,0.331,222,-6.113932,0.178,0.007,13.93,15.43,15.8,0.012,0.167,1.01,0.246,0.013,13.45,0.387,0.129,9.05,0.394,0.171,8.25,0.433,0.17,6.428,13.26
2016-07-18 17:30:00,17.5,15471,,,0.965,119.5,31.37,6.674,0.33,219,-4.8294,0.177,0.007,13.87,15.14,15.45,0.012,0.367,1.229,0.246,0.014,13.51,0.387,0.129,9.08,0.394,0.171,8.22,0.433,0.17,6.446,13.18
2016-07-18 17:45:00,17.75,15472,,,1.641389,130.6,15.05,10.56,0.321,223,-17.90821,0.177,0.007,13.73,14.2,14.46,0.005,0.578,1.984,0.246,0.013,13.58,0.387,0.129,9.13,0.394,0.17,8.24,0.433,0.17,6.44,13.11
2016-07-18 18:00:00,18,15473,,,1.780833,145.8,18.51,9.84,0.321,248,-35.47044,0.176,0.007,13.23,12.5,12.6,0.049,1.045,1.891,0.246,0.013,13.57,0.387,0.129,9.11,0.394,0.171,8.23,0.433,0.17,6.446,13.09
2016-07-18 18:15:00,18.25,15474,,,0.839444,77.26,76.83,6.233,0.329,215,-31.34366,0.176,0.007,12.5,12.87,13.07,0.004,1.247,1.614,0.245,0.013,13.54,0.387,0.13,9.2,0.394,0.17,8.26,0.433,0.17,6.402,13.07
2016-07-18 18:30:00,18.5,15475,,,0.356944,350.9,87.5,3.469,0.328,240,-7.35783,0.175,0.007,12.07,13.64,13.96,0.096,0.78,0.887,0.245,0.013,13.48,0.387,0.13,9.26,0.394,0.171,8.24,0.433,0.17,6.449,13.14
2016-07-18 18:45:00,18.75,15476,,,0.4225,255.1,85.8,3.548,-0.056,268,42.52044,0.175,0.007,12.34,14.51,15.03,0.075,1.212,0.83,0.245,0.013,13.46,0.387,0.13,9.26,0.394,0.171,8.23,0.433,0.17,6.428,13.1
2016-07-18 19:00:00,19,15477,,,0.569444,173.5,73.42,5.537,0.32,219,1.75661,0.175,0.007,13.21,13.54,13.91,0.021,0.246,1.173,0.245,0.013,13.35,0.387,0.13,9.29,0.394,0.171,8.21,0.433,0.17,6.398,13.05
2016-07-18 19:15:00,19.25,15478,,,0.482222,133.7,60.09,6.174,0.326,224,-15.03095,0.174,0.007,12.79,13.09,13.34,0.028,0.534,1.113,0.245,0.013,13.26,0.387,0.13,9.35,0.394,0.171,8.22,0.433,0.17,6.416,13.01
2016-07-18 19:30:00,19.5,15479,,,0.493333,130.6,34.49,2.881,0.33,201,-19.18224,0.174,0.007,12.32,12.88,13.09,0.025,0.565,0.604,0.245,0.013,13.22,0.387,0.131,9.41,0.394,0.171,8.23,0.433,0.169,6.399,13
2016-07-18 19:45:00,19.75,15480,,,0.334167,120.9,67.55,2.43,0.324,214,-22.93818,0.174,0.007,11.87,12.8,13,0,0.619,0.666,0.245,0.013,13.12,0.387,0.131,9.43,0.394,0.171,8.24,0.433,0.17,6.425,12.98
2016-07-18 20:00:00,20,15481,,,0.364722,317,32.33,3.205,0.318,234,-22.67722,0.174,0.007,11.51,12.14,12.62,0.051,0.5,0.563,0.245,0.013,13.04,0.387,0.131,9.47,0.394,0.17,8.24,0.433,0.17,6.413,12.96
2016-07-18 20:15:00,20.25,15482,,,0.3825,233.6,44.19,2.401,0.309,293,-26.48778,0.173,0.007,11.22,11.55,12.21,0,0.521,0.59,0.245,0.013,12.96,0.387,0.131,9.51,0.394,0.17,8.21,0.433,0.169,6.416,12.95
2016-07-18 20:30:00,20.5,15483,,,1.368889,148.3,19.25,8.39,0.317,235,-32.51262,0.173,0.007,10.92,10.2,11.17,0.1,0.518,1.887,0.245,0.013,12.87,0.387,0.131,9.52,0.394,0.17,8.23,0.433,0.169,6.395,12.94
2016-07-18 20:45:00,20.75,15484,,,1.486389,151.4,12.84,8.42,0.32,282,-40.89222,0.173,0.007,10.5,9.17,9.7,0.067,1.112,1.165,0.245,0.013,12.81,0.387,0.131,9.55,0.394,0.171,8.24,0.433,0.169,6.413,12.92
2016-07-18 21:00:00,21,15485,,,2.336111,137.3,14.86,12.57,-0.028,214,-46.22569,0.172,0.006,10.06,7.483,7.505,0.143,1.107,2.001,0.245,0.013,12.73,0.387,0.131,9.58,0.394,0.171,8.25,0.433,0.169,6.386,12.93
2016-07-18 21:15:00,21.25,15486,,,1.023611,162.2,33.05,8.34,0.225,225,-48.47681,0.174,0.006,9.49,7.09,7.367,0.083,1.461,2.187,0.245,0.013,12.63,0.387,0.131,9.64,0.394,0.171,8.23,0.433,0.169,6.372,12.92
2016-07-18 21:30:00,21.5,15487,,,0.660278,155.5,52.3,4.42,0.238,299,-40.29538,0.177,0.007,9.22,6.889,7.081,0.029,1.035,0.965,0.245,0.013,12.55,0.387,0.131,9.68,0.394,0.171,8.21,0.433,0.17,6.392,12.89
2016-07-18 21:45:00,21.75,15488,,,0.625278,256.9,21.24,3.479,0.264,424,-45.52608,0.18,0.007,9.08,6.453,7.634,0,0.803,0.591,0.244,0.013,12.41,0.387,0.132,9.71,0.394,0.17,8.22,0.433,0.169,6.377,12.92
2016-07-18 22:00:00,22,15489,,,0.722222,156.1,16.17,4.773,0.316,236,-47.69226,0.182,0.007,8.79,6.527,7.703,0.048,0.562,0.809,0.244,0.013,12.28,0.387,0.132,9.73,0.394,0.17,8.23,0.433,0.17,6.372,12.9
2016-07-18 22:15:00,22.25,15490,,,1.348056,165.3,13.72,7.34,0.312,224,-50.38232,0.183,0.007,8.43,7.769,8.06,0.049,0.122,0.964,0.244,0.013,12.12,0.387,0.132,9.74,0.394,0.17,8.22,0.433,0.17,6.387,12.9
2016-07-18 22:30:00,22.5,15491,,,1.411111,160.6,11.66,7.399,0.314,239,-50.03687,0.184,0.006,8.13,8.43,8.41,0.064,0.424,0.749,0.244,0.013,12.05,0.387,0.132,9.79,0.394,0.17,8.22,0.433,0.17,6.413,12.88
2016-07-18 22:45:00,22.75,15492,,,1.305,141.5,20.63,7.213,0.232,230,-44.68931,0.185,0.006,7.899,8.25,8.19,0.051,0.567,1.258,0.244,0.012,11.92,0.387,0.132,9.79,0.394,0.171,8.21,0.433,0.169,6.366,12.89
2016-07-18 23:00:00,23,15493,,,1.254722,145.2,18.12,7.34,0.315,235,-38.61477,0.185,0.006,7.751,8.22,8.14,0.011,0.446,1.408,0.244,0.012,11.81,0.387,0.132,9.81,0.394,0.171,8.24,0.433,0.169,6.386,12.89
2016-07-18 23:15:00,23.25,15494,,,1.413333,160.6,14.5,8.33,0.318,278,-39.61127,0.186,0.006,7.715,8.45,8.38,0.043,0.347,0.906,0.244,0.012,11.67,0.387,0.133,9.84,0.394,0.17,8.24,0.433,0.17,6.369,12.88
2016-07-18 23:30:00,23.5,15495,,,1.683889,151.7,14.22,9.4,0.318,274,-42.116,0.186,0.006,7.596,8.5,8.39,0.043,0.221,1.264,0.244,0.012,11.54,0.387,0.132,9.89,0.394,0.171,8.2,0.433,0.17,6.386,12.88
2016-07-18 23:45:00,23.75,15496,,,1.427778,154.2,17.02,7.713,-0.042,243,-43.30901,0.186,0.006,7.345,8.27,8.16,0,0.084,0.917,0.244,0.012,11.43,0.387,0.132,9.89,0.394,0.17,8.22,0.433,0.17,6.372,12.88
2016-07-19 00:00:00,0,15497,,,1.397222,168.1,13.1,7.203,0.321,251,-42.59032,0.186,0.006,7.188,8.43,8.5,0,0.077,0.883,0.244,0.012,11.3,0.387,0.132,9.9,0.394,0.171,8.22,0.433,0.17,6.383,12.87
2016-07-19 00:15:00,0.25,15498,,,0.991389,190.3,19.42,7.742,0.311,253,-40.20135,0.186,0.006,7.014,8.36,8.73,0,0.074,1.517,0.244,0.012,11.19,0.387,0.133,9.92,0.394,0.171,8.23,0.433,0.17,6.377,12.87
2016-07-19 00:30:00,1,15499,,,1.103889,177,20,5.831,0.321,262,-35.7318,0.185,0.006,6.88,8.89,9.14,0,0.175,1.026,0.244,0.012,11.08,0.387,0.132,9.88,0.394,0.171,8.24,0.433,0.169,6.386,12.87
2016-07-19 00:45:00,1,15500,,,0.7525,179.8,41.22,4.371,-0.055,248,-32.89711,0.185,0.006,6.903,8.89,9.22,0,0.273,0.848,0.244,0.012,10.95,0.387,0.133,9.95,0.394,0.171,8.25,0.433,0.169,6.371,12.86
2016-07-19 01:00:00,1,15501,,,0.659167,153.8,24.08,5.41,0.315,252,-33.6171,0.185,0.006,6.876,9.04,9.2,0,0.033,1.531,0.244,0.012,10.84,0.387,0.132,9.96,0.394,0.171,8.22,0.433,0.169,6.354,12.86
2016-07-19 01:15:00,1,15502,,,0.9775,159.2,18.15,6.399,0.313,262,-35.60821,0.185,0.006,6.787,8.86,8.92,0.004,0.021,0.934,0.244,0.012,10.76,0.387,0.132,9.96,0.394,0.171,8.23,0.433,0.169,6.357,12.85
2016-07-19 01:30:00,1,15503,,,1.080556,173.7,14.33,6.164,0.311,291,-34.91027,0.185,0.006,6.662,8.76,9.03,0.027,0.111,0.988,0.244,0.012,10.61,0.387,0.132,9.96,0.394,0.171,8.25,0.433,0.169,6.372,12.85
2016-07-19 01:45:00,1,15504,,,0.651944,185.4,21.71,4.969,0.291,267,-30.72512,0.184,0.006,6.545,8.82,9.22,0.029,0.053,1.199,0.244,0.012,10.54,0.387,0.132,9.98,0.394,0.171,8.23,0.433,0.169,6.392,12.85
2016-07-19 02:00:00,1,15505,,,0.371111,169,56.22,3.185,0.319,285,-29.06481,0.184,0.006,6.571,8.75,9.26,0.015,0.081,0.804,0.244,0.012,10.45,0.387,0.133,9.95,0.394,0.171,8.25,0.433,0.17,6.386,12.84
2016-07-19 02:15:00,1,15506,,,0.629722,188,15.92,3.91,0.319,308,-31.26797,0.184,0.006,6.528,8.47,9.01,0.03,0.133,0.713,0.244,0.012,10.35,0.387,0.132,10.01,0.394,0.172,8.29,0.433,0.17,6.386,12.84
2016-07-19 02:30:00,1,15507,,,0.321389,240.4,56.22,2.695,-0.046,255,-34.66312,0.184,0.006,6.432,7.86,8.98,0.014,0.296,0.528,0.244,0.012,10.26,0.387,0.132,9.96,0.394,0.171,8.26,0.433,0.17,6.363,12.84
2016-07-19 02:45:00,1,15508,,,0.552778,171.3,18.95,3.871,0.324,358,-34.9644,0.184,0.006,6.262,8.37,8.71,0,0.407,1.006,0.244,0.012,10.16,0.387,0.133,9.97,0.394,0.172,8.27,0.433,0.169,6.377,12.82
2016-07-19 03:00:00,1,15509,,,0.686944,168.9,18.68,3.998,0.297,329,-32.7695,0.183,0.006,6.111,8.18,8.45,0,0.174,0.827,0.244,0.012,10.09,0.387,0.132,9.96,0.394,0.171,8.25,0.433,0.169,6.359,12.83
2016-07-19 03:15:00,1,15510,,,0.7325,180.7,33.58,5.723,0.309,252,-30.75627,0.183,0.006,6.087,8.14,8.45,0.014,0.121,1.263,0.244,0.012,10,0.387,0.132,9.99,0.394,0.171,8.29,0.433,0.169,6.348,12.83
2016-07-19 03:30:00,1,15511,,,0.840556,166.2,21.63,5.253,0.253,232,-25.8402,0.183,0.006,6.014,8.14,8.37,0.037,0.121,1.024,0.244,0.012,9.93,0.387,0.132,9.99,0.394,0.171,8.25,0.433,0.169,6.377,12.83
2016-07-19 03:45:00,1,15512,,,0.964444,169,16.11,5.753,-0.03,223,-24.91872,0.183,0.006,6.136,8.44,8.63,0.038,0.155,0.958,0.244,0.012,9.85,0.387,0.133,9.96,0.394,0.172,8.27,0.433,0.169,6.36,12.83
2016-07-19 04:00:00,1,15513,,,0.737222,170,22.63,5.713,0.301,450,-20.31791,0.183,0.006,6.143,8.43,8.66,0,0.293,1.297,0.244,0.012,9.75,0.387,0.132,9.94,0.394,0.172,8.27,0.43,0.17,6.386,12.82
2016-07-19 04:15:00,1,15514,,,1.051667,152.8,20.18,7.027,-0.033,236,-18.23655,0.182,0.006,6.262,8.9,8.99,0.011,0.417,1.318,0.244,0.012,9.67,0.387,0.132,9.96,0.394,0.171,8.29,0.428,0.169,6.386,12.82
2016-07-19 04:30:00,1,15515,,,0.754444,145.7,31.93,4.831,0.24,221,-19.52288,0.182,0.006,6.318,8.22,8.32,0.025,0.212,1.126,0.244,0.012,9.61,0.386,0.132,9.96,0.394,0.171,8.3,0.428,0.169,6.392,12.82
2016-07-19 04:45:00,1,15516,,,0.235556,136.9,84.6,2.342,0.29,354,-20.31576,0.182,0.006,6.324,7.616,7.967,0.035,0.204,0.608,0.244,0.011,9.52,0.386,0.132,9.95,0.394,0.171,8.3,0.428,0.169,6.383,12.82
2016-07-19 05:00:00,1,15517,,,0.518889,138.8,31.12,5.037,0.26,302,-16.22406,0.182,0.006,6.319,8.27,8.39,0.043,0.097,1.016,0.244,0.011,9.45,0.386,0.132,9.93,0.394,0.172,8.29,0.427,0.168,6.383,12.82
2016-07-19 05:15:00,1,15518,,,0.839444,140.2,34.79,6.213,0.241,236,-17.06715,0.182,0.006,6.413,8.26,8.41,0.051,0.043,1.317,0.243,0.012,9.39,0.386,0.132,9.9,0.394,0.172,8.31,0.425,0.167,6.363,12.82
2016-07-19 05:30:00,1,15519,,,0.651944,158.3,40.75,6.919,0.318,253,-16.56216,0.182,0.006,6.432,8.34,8.63,0.017,0.039,1.677,0.243,0.012,9.35,0.386,0.132,9.91,0.394,0.172,8.3,0.425,0.167,6.407,12.84
2016-07-19 05:45:00,1,15520,,,0.740556,158.2,45.72,7.164,0.327,386,-12.76663,0.182,0.006,6.48,8.54,8.78,0.015,0.191,1.378,0.243,0.012,9.31,0.386,0.132,9.9,0.394,0.172,8.33,0.424,0.168,6.398,12.87
2016-07-19 06:00:00,6,15521,,,1.153889,148.2,55.57,11.41,0.228,209,-8.278905,0.181,0.006,6.606,9.55,10.08,0.107,0.146,2.323,0.243,0.012,9.26,0.386,0.132,9.89,0.394,0.172,8.3,0.424,0.167,6.36,12.94
2016-07-19 06:15:00,6.25,15522,,,0.431667,163.3,82.2,4.743,0.324,232,3.680324,0.181,0.006,6.798,9.23,9.58,0.052,0.651,0.959,0.243,0.011,9.24,0.386,0.132,9.87,0.394,0.172,8.31,0.423,0.167,6.377,12.92
2016-07-19 06:30:00,6.5,15523,,,0.550556,147.8,44.29,4.224,0.292,287,1.621506,0.181,0.006,7.175,8.96,9.27,0.046,0.204,0.868,0.243,0.011,9.17,0.386,0.131,9.84,0.394,0.172,8.3,0.423,0.166,6.381,12.9
2016-07-19 06:45:00,6.75,15524,,,0.758611,155.3,65.8,8.39,0.301,376,1.651931,0.181,0.006,7.425,9.24,9.46,0.056,0.021,1.767,0.243,0.011,9.14,0.386,0.131,9.86,0.394,0.171,8.32,0.423,0.167,6.389,12.98
2016-07-19 07:00:00,7,15525,,,0.948056,132.3,49.49,8.9,0.309,257,6.661417,0.181,0.006,7.65,10.05,10.32,0.119,0.107,1.758,0.243,0.011,9.09,0.386,0.131,9.8,0.394,0.172,8.31,0.423,0.167,6.369,13
2016-07-19 07:15:00,7.25,15526,,,1.005833,125.9,40.97,7.409,0.314,259,20.52319,0.18,0.006,8.02,10.96,11.44,0.218,0.238,1.412,0.243,0.011,9.09,0.386,0.131,9.79,0.394,0.172,8.35,0.423,0.167,6.374,13.25
2016-07-19 07:30:00,7.5,15527,,,0.963611,127.8,60.74,10.47,0.309,271,58.33726,0.18,0.006,8.79,13.06,13.47,0.169,0.892,2.414,0.243,0.011,9.11,0.386,0.131,9.84,0.394,0.172,8.34,0.423,0.167,6.357,13.48
2016-07-19 07:45:00,7.75,15528,,,0.83,94.4,75.64,7.987,0.219,201,75.35397,0.18,0.006,10.44,13.35,13.79,0.171,0.895,1.884,0.243,0.012,9.09,0.386,0.131,9.8,0.394,0.172,8.36,0.422,0.167,6.383,13.43
2016-07-19 08:00:00,8,15529,,,0.470556,50.57,70.6,5.625,0.32,243,66.86707,0.18,0.006,11.9,12.41,12.34,0.087,0.663,1.287,0.243,0.011,9.11,0.386,0.131,9.78,0.394,0.172,8.34,0.422,0.167,6.38,13.37
2016-07-19 08:15:00,8.25,15530,,,0.386389,43.93,63.87,3.567,0.226,215,53.56117,0.18,0.006,12.21,11.99,12.01,0.116,0.394,0.801,0.243,0.011,9.15,0.385,0.131,9.75,0.394,0.172,8.36,0.422,0.167,6.365,13.37
2016-07-19 08:30:00,8.5,15531,,,0.563611,338.8,74.77,6.556,0.29,334,39.00893,0.18,0.006,12.19,11.54,11.49,0.082,0.098,1.744,0.243,0.011,9.22,0.385,0.131,9.72,0.394,0.173,8.37,0.422,0.167,6.357,13.29
2016-07-19 08:45:00,8.75,15532,,,0.418889,129.6,97.9,3.881,0.293,256,29.63351,0.18,0.007,12.14,11.57,11.39,0.06,0.208,1.021,0.243,0.011,9.33,0.385,0.131,9.68,0.394,0.172,8.37,0.422,0.167,6.365,13.27
2016-07-19 09:00:00,9,15533,,,0.505,301,80.5,6.664,0.257,350,34.85356,0.18,0.007,11.97,12.65,12.36,0.225,0.51,1.575,0.243,0.012,9.43,0.385,0.131,9.68,0.394,0.172,8.34,0.422,0.167,6.357,13.33
2016-07-19 09:15:00,9.25,15534,,,0.699167,140.2,95.9,5.851,0.307,271,48.52612,0.18,0.007,12.49,13.69,13.75,1.075,1.519,1.589,0.243,0.012,9.53,0.385,0.131,9.68,0.394,0.172,8.38,0.422,0.167,6.41,13.47
2016-07-19 09:30:00,9.5,15535,,,0.501667,93.4,94.6,5.223,0.254,390,73.0665,0.18,0.007,13.24,13.64,13.68,1.148,1.922,1.145,0.243,0.012,9.65,0.385,0.131,9.63,0.394,0.172,8.37,0.422,0.167,6.389,13.41
2016-07-19 09:45:00,9.75,15536,,,0.371111,333.4,80.2,4.322,0.257,243,36.68315,0.18,0.007,14.16,11.68,11.7,0.1,0.3,0.774,0.243,0.012,9.73,0.385,0.131,9.65,0.394,0.172,8.35,0.422,0.167,6.368,13.31
2016-07-19 10:00:00,10,15537,,,0.481389,175,84.7,5.106,0.308,228,25.2432,0.179,0.007,13.55,11.77,11.77,0.076,0.376,1.091,0.243,0.012,9.87,0.385,0.131,9.64,0.394,0.173,8.37,0.421,0.167,6.348,13.39
2016-07-19 10:15:00,10.25,15538,,,0.351111,18.8,89,4.567,0.306,235,67.68625,0.179,0.007,13.24,14.09,13.79,1.351,2.009,0.944,0.243,0.012,9.97,0.385,0.13,9.59,0.394,0.172,8.38,0.421,0.167,6.342,13.45
2016-07-19 10:30:00,10.5,15539,,,0.580278,13.92,81.5,4.822,0.257,325,72.32285,0.179,0.007,14.5,13.95,13.1,1.236,1.352,1.12,0.243,0.012,10.07,0.385,0.131,9.62,0.394,0.172,8.4,0.421,0.166,6.371,13.5
2016-07-19 10:45:00,10.75,15540,,,0.34,17.03,75.12,4.224,0.263,304,66.2658,0.179,0.007,15.02,13.67,13.01,0.735,0.981,0.862,0.243,0.012,10.19,0.385,0.131,9.6,0.394,0.172,8.37,0.421,0.167,6.339,13.48
2016-07-19 11:00:00,11,15541,,,0.423056,344.8,97.8,6.958,-0.056,233,83.10281,0.179,0.007,15.22,15.04,13.83,1.302,1.583,1.192,0.243,0.012,10.3,0.385,0.13,9.59,0.394,0.172,8.41,0.421,0.167,6.377,14.36
2016-07-19 11:15:00,11.25,15542,,,0.435278,351.4,72.37,5.135,-0.06,242,72.49516,0.179,0.007,16.14,13.82,13.08,0.572,1.222,0.938,0.243,0.012,10.45,0.385,0.13,9.54,0.394,0.173,8.4,0.42,0.167,6.351,13.87
2016-07-19 11:30:00,11.5,15543,,,0.476944,353.9,71,6.154,0.285,263,44.21827,0.179,0.007,16.14,13.92,13.13,1.376,1.994,1.205,0.243,0.012,10.6,0.385,0.13,9.56,0.394,0.172,8.36,0.42,0.167,6.362,14.42
2016-07-19 11:45:00,11.75,15544,,,0.560556,19.73,62.49,5.782,0.316,240,76.27406,0.178,0.007,15.82,14.97,13.85,0.881,0.764,1.133,0.243,0.012,10.73,0.385,0.13,9.51,0.394,0.172,8.39,0.42,0.166,6.339,13.58
2016-07-19 12:00:00,12,15545,,,0.852778,316.9,41.48,6.85,0.227,246,29.74053,0.178,0.007,16.97,13.82,13.19,0.996,0.956,1.764,0.243,0.012,10.88,0.385,0.131,9.55,0.394,0.172,8.41,0.42,0.167,6.342,14.4
2016-07-19 12:15:00,12.25,15546,,,0.446667,321,79.47,4.057,0.312,230,-3.443502,0.178,0.007,16.67,14.51,13.76,0.674,0.574,0.947,0.243,0.012,11.03,0.385,0.131,9.54,0.394,0.172,8.41,0.419,0.166,6.345,14.36
2016-07-19 12:30:00,12.5,15547,,,0.509167,159.3,91.1,7.556,0.304,237,6.21023,0.178,0.007,16.2,13.74,13.75,0.921,1.253,1.866,0.243,0.012,11.2,0.385,0.13,9.54,0.394,0.172,8.41,0.419,0.166,6.362,13.49
2016-07-19 12:45:00,12.75,15548,,,0.405556,92,91.5,4.469,0.242,313,1.466843,0.177,0.007,15.67,12.75,12.71,0.302,0.408,0.918,0.243,0.012,11.33,0.385,0.131,9.51,0.394,0.172,8.39,0.419,0.166,6.356,14.22
2016-07-19 13:00:00,13,15549,,,0.624167,283.5,74.38,5.694,0.31,307,-1.356531,0.177,0.007,15,13.08,12.85,1.142,1.14,1.329,0.243,0.012,11.51,0.385,0.131,9.52,0.394,0.172,8.38,0.419,0.167,6.342,13.54
2016-07-19 13:15:00,13.25,15550,,,0.580278,270.1,90,5.204,0.268,258,4.503088,0.177,0.007,14.47,13.62,13.69,0.917,1.215,0.884,0.243,0.012,11.62,0.385,0.13,9.55,0.394,0.172,8.36,0.419,0.166,6.342,13.43
2016-07-19 13:30:00,13.5,15551,,,0.645278,290.3,75.75,5.802,-0.037,232,3.513864,0.176,0.007,14.31,13.52,13.81,0.667,0.841,1.582,0.243,0.013,11.75,0.385,0.13,9.5,0.394,0.173,8.39,0.419,0.166,6.345,13.48
2016-07-19 13:45:00,13.75,15552,,,0.505,121.1,82.6,5.459,0.237,213,3.812598,0.176,0.007,14.06,12.93,13.13,0.242,0.435,1.262,0.243,0.013,11.83,0.385,0.131,9.49,0.394,0.172,8.4,0.419,0.166,6.359,13.42
2016-07-19 14:00:00,14,15553,,,0.551111,313.8,65.5,5.429,0.241,236,0.4639039,0.175,0.007,13.9,12.68,12.76,0.077,0.197,1.245,0.243,0.013,11.97,0.385,0.13,9.56,0.394,0.172,8.38,0.419,0.166,6.336,13.33
2016-07-19 14:15:00,14.25,15554,,,0.601944,311,82.9,5.008,0.306,268,-10.29473,0.175,0.007,13.66,12.45,12.93,0.105,0.579,1.117,0.243,0.013,12.03,0.385,0.131,9.55,0.394,0.172,8.41,0.419,0.166,6.365,13.48
2016-07-19 14:30:00,14.5,15555,,,0.751111,287.2,70.67,8.4,0.291,257,-17.30935,0.175,0.007,13.16,13.08,13.75,0.968,1.126,1.699,0.242,0.013,12.08,0.385,0.131,9.53,0.394,0.172,8.41,0.419,0.166,6.365,14.01
2016-07-19 14:45:00,14.75,15556,,,0.469167,250.4,98.5,5.076,0.242,312,-12.87692,0.174,0.007,12.81,13.12,13.55,0.617,1.071,1.125,0.242,0.013,12.11,0.385,0.131,9.51,0.394,0.172,8.4,0.419,0.166,6.345,13.3
2016-07-19 15:00:00,15,15557,,,0.324167,333.8,82.6,3.802,0.236,231,0.311252,0.174,0.007,12.89,12.94,13.18,0.071,0.205,0.865,0.242,0.012,12.18,0.385,0.131,9.56,0.394,0.172,8.42,0.419,0.166,6.359,13.28
2016-07-19 15:15:00,15.25,15558,,,0.437778,343.1,91.7,7.399,0.244,232,2.324427,0.174,0.007,12.83,13.14,13.81,0.189,0.295,1.398,0.242,0.013,12.22,0.385,0.131,9.57,0.394,0.172,8.4,0.419,0.166,6.312,13.68
2016-07-19 15:30:00,15.5,15559,,,0.553611,303.4,49.6,5.713,0.257,264,7.523184,0.173,0.007,12.86,13.72,14.39,0.342,0.885,1.45,0.242,0.013,12.25,0.385,0.131,9.57,0.394,0.173,8.39,0.419,0.167,6.339,13.3
2016-07-19 15:45:00,15.75,15560,,,0.382222,96.5,66.76,4.537,0.323,330,14.22397,0.173,0.007,12.68,13.13,13.65,0.056,0.302,1.12,0.242,0.013,12.22,0.385,0.131,9.63,0.394,0.172,8.42,0.419,0.166,6.356,13.24
2016-07-19 16:00:00,16,15561,,,0.606389,34.02,78.79,5.841,0.261,303,-3.636146,0.173,0.007,12.65,12.79,13.13,0.059,0.465,1.573,0.242,0.013,12.28,0.385,0.131,9.61,0.394,0.172,8.45,0.419,0.166,6.341,13.23
2016-07-19 16:15:00,16.25,15562,,,0.507778,63.36,48.65,6.752,0.323,242,3.298632,0.173,0.007,12.26,13.01,13.42,0.061,0.329,1.293,0.242,0.013,12.29,0.385,0.131,9.6,0.394,0.171,8.43,0.419,0.166,6.315,13.26
2016-07-19 16:30:00,16.5,15563,,,0.625,121.7,41.8,5.478,0.326,240,13.9588,0.173,0.007,12.32,13.09,13.7,0.078,0.207,1.193,0.242,0.013,12.3,0.385,0.131,9.66,0.394,0.173,8.39,0.419,0.166,6.345,13.26
2016-07-19 16:45:00,16.75,15564,,,0.688611,68.7,43.04,6.831,0.248,214,26.00782,0.172,0.007,12.23,13.26,13.61,0.067,0.436,1.394,0.242,0.013,12.29,0.385,0.131,9.68,0.394,0.172,8.45,0.419,0.167,6.347,13.19
2016-07-19 17:00:00,17,15565,,,0.833611,127.2,64.84,7.409,0.325,228,-10.94483,0.172,0.007,12.34,12.87,13.19,0.054,0.52,1.706,0.242,0.013,12.29,0.385,0.131,9.66,0.394,0.173,8.43,0.419,0.167,6.336,13.17
2016-07-19 17:15:00,17.25,15566,,,0.492222,89.4,60.61,4.077,0.324,214,4.309308,0.172,0.007,12.05,12.98,13.28,0.088,0.211,1.032,0.242,0.013,12.27,0.385,0.131,9.68,0.394,0.173,8.42,0.419,0.166,6.357,13.15
2016-07-19 17:30:00,17.5,15567,,,0.581389,88.2,44.42,6.664,0.33,212,-5.044512,0.171,0.007,12.37,12.69,13,0.034,0.424,1.248,0.241,0.012,12.28,0.385,0.132,9.72,0.394,0.172,8.41,0.419,0.166,6.359,13.14
2016-07-19 17:45:00,17.75,15568,,,0.510833,141.5,72.26,4.665,0.326,213,-4.181762,0.171,0.007,12.1,12.67,12.97,0.047,0.114,1.114,0.241,0.012,12.27,0.385,0.131,9.75,0.394,0.172,8.4,0.419,0.166,6.342,13.09
2016-07-19 18:00:00,18,15569,,,0.551389,73.23,73.52,6.889,0.326,220,-14.60961,0.171,0.007,12.12,12.36,12.57,0.055,0.446,1.556,0.241,0.013,12.27,0.385,0.132,9.76,0.394,0.172,8.43,0.419,0.167,6.36,13.06
2016-07-19 18:15:00,18.25,15570,,,0.521667,71.42,60.01,5.498,-0.034,216,-22.50589,0.171,0.007,11.75,12.13,12.35,0.047,0.52,1.391,0.241,0.013,12.2,0.385,0.132,9.79,0.394,0.172,8.41,0.419,0.166,6.359,13.03
2016-07-19 18:30:00,18.5,15571,,,0.318056,7.175,84.5,3.185,0.337,229,-10.33364,0.17,0.007,11.39,11.98,12.22,0.048,0.493,0.702,0.241,0.013,12.18,0.385,0.132,9.76,0.394,0.172,8.42,0.419,0.166,6.324,13.04
2016-07-19 18:45:00,18.75,15572,,,0.325,138.1,98.3,3.303,0.332,275,-15.41675,0.17,0.006,11.41,11.72,12.03,0.044,0.253,0.544,0.241,0.012,12.14,0.385,0.132,9.76,0.394,0.172,8.44,0.419,0.166,6.357,13
2016-07-19 19:00:00,19,15573,,,1.019167,110.8,43.6,9.86,0.319,244,-17.55372,0.17,0.006,11.12,11.81,12.03,0,0.348,2.542,0.241,0.013,12.09,0.385,0.132,9.82,0.394,0.172,8.41,0.419,0.166,6.359,12.98
2016-07-19 19:15:00,19.25,15574,,,0.919444,152.3,31.12,5.576,0.301,265,-34.0144,0.17,0.006,10.95,10.74,10.98,0.047,0.572,0.973,0.241,0.012,12.05,0.385,0.132,9.85,0.394,0.172,8.43,0.419,0.166,6.324,12.95
2016-07-19 19:30:00,19.5,15575,,,0.728056,212.1,85.3,6.85,0.304,285,-33.77945,0.17,0.006,10.47,10.86,11.09,0.038,0.516,1.513,0.241,0.013,12.01,0.385,0.132,9.88,0.394,0.172,8.45,0.419,0.166,6.356,12.93
2016-07-19 19:45:00,19.75,15576,,,0.682222,299.6,47.36,7.879,0.324,280,-33.28923,0.169,0.006,10.19,10.64,10.98,0.017,0.391,1.729,0.241,0.013,11.98,0.385,0.132,9.85,0.394,0.172,8.45,0.419,0.166,6.306,12.92
2016-07-19 20:00:00,20,15577,,,0.687222,254.3,35.01,6.958,0.294,318,-32.05416,0.169,0.006,9.91,9.86,9.48,0.038,0.347,1.097,0.24,0.013,11.91,0.385,0.132,9.86,0.394,0.172,8.38,0.419,0.167,6.327,12.9
2016-07-19 20:15:00,20.25,15578,,,0.999444,204.4,52.8,7.85,0.224,260,-40.35318,0.169,0.006,9.68,7.419,6.25,0.008,1.386,2.009,0.24,0.013,11.85,0.385,0.132,9.92,0.394,0.172,8.43,0.419,0.167,6.336,12.88
2016-07-19 20:30:00,20.5,15579,,,0.899167,262.7,93.8,8.32,0.227,245,-43.02766,0.17,0.006,9.24,7.129,6.074,0.048,1.184,1.743,0.24,0.012,11.76,0.385,0.132,9.92,0.394,0.172,8.43,0.419,0.167,6.353,12.88
2016-07-19 20:45:00,20.75,15580,,,0.366944,304.3,86.5,5.331,0.224,217,-40.46901,0.17,0.006,8.9,7.489,5.952,0.057,0.785,0.934,0.24,0.012,11.72,0.385,0.132,9.9,0.394,0.172,8.41,0.419,0.166,6.342,12.87
2016-07-19 21:00:00,21,15581,,,0.616111,79.27,59.69,4.626,0.227,210,-36.0025,0.171,0.006,8.63,7.919,6.04,0.04,0.357,0.857,0.24,0.012,11.6,0.385,0.133,9.95,0.394,0.173,8.43,0.419,0.166,6.377,12.87
2016-07-19 21:15:00,21.25,15582,,,0.522222,113.1,55.74,3.391,0.23,200,-32.54362,0.171,0.006,8.5,7.473,7.039,0.015,0.049,0.686,0.24,0.012,11.52,0.385,0.132,9.97,0.394,0.172,8.44,0.419,0.166,6.324,12.85
2016-07-19 21:30:00,21.5,15583,,,0.654444,307,49.4,6.321,0.232,206,-37.78411,0.172,0.006,8.42,7.067,7.158,0.054,0.118,1.411,0.24,0.012,11.43,0.385,0.132,9.98,0.394,0.172,8.42,0.418,0.167,6.336,12.86
2016-07-19 21:45:00,21.75,15584,,,0.374444,163.1,85.5,6.615,0.251,224,-37.36795,0.173,0.006,8.07,7.602,7.65,0.004,0,1.435,0.24,0.012,11.36,0.385,0.133,9.97,0.394,0.172,8.43,0.418,0.167,6.336,12.85
2016-07-19 22:00:00,22,15585,,,0.600278,175.7,77.51,6.664,0.264,292,-38.93127,0.174,0.006,7.943,7.78,7.908,0.061,0.162,1.698,0.24,0.012,11.26,0.385,0.132,9.98,0.394,0.172,8.46,0.418,0.167,6.336,12.84
2016-07-19 22:15:00,22.25,15586,,,0.413056,77.56,52.96,5.008,0.237,339,-36.73749,0.174,0.006,7.741,7.929,8.18,0.006,0.16,1.088,0.24,0.012,11.15,0.385,0.132,10,0.394,0.173,8.45,0.418,0.167,6.336,12.84
2016-07-19 22:30:00,22.5,15587,,,0.546111,29.05,97.5,9.48,0.251,226,-33.61874,0.175,0.006,7.601,7.898,8.25,0,0.309,2.022,0.24,0.012,11.06,0.385,0.132,9.99,0.394,0.173,8.44,0.418,0.167,6.33,12.84
2016-07-19 22:45:00,22.75,15588,,,0.883611,317,90.4,9.8,0.268,241,-41.50675,0.176,0.006,7.514,8.02,8.48,0.039,0.265,1.98,0.24,0.012,10.98,0.385,0.133,10.01,0.394,0.173,8.44,0.418,0.167,6.33,12.83
2016-07-19 23:00:00,23,15589,,,0.921667,116.7,21.62,6.056,-0.078,240,-36.44561,0.176,0.006,7.222,8.04,8.16,0.048,0.373,1.17,0.24,0.012,10.89,0.385,0.132,10.02,0.394,0.172,8.46,0.418,0.167,6.365,12.83
2016-07-19 23:15:00,23.25,15590,,,0.838333,148,38.7,7.997,-0.066,213,-32.19734,0.177,0.006,7.166,6.952,7.368,0.008,0.16,1.566,0.24,0.012,10.77,0.385,0.132,10.03,0.394,0.172,8.45,0.418,0.166,6.356,12.83
2016-07-19 23:30:00,23.5,15591,,,0.723056,154.1,27.46,5.008,0.299,344,-36.39218,0.177,0.006,7.153,7.267,7.234,0,0.333,1.107,0.24,0.012,10.7,0.385,0.132,10.03,0.394,0.172,8.45,0.419,0.166,6.315,12.82
2016-07-19 23:45:00,23.75,15592,,,0.357778,148.7,67.81,3.205,0.232,217,-36.46919,0.178,0.006,6.958,7.554,7.703,0,0.214,0.804,0.24,0.012,10.6,0.385,0.133,10.02,0.394,0.172,8.44,0.418,0.167,6.324,12.82
2016-07-20 00:00:00,0,15593,,,0.668611,163.8,55.22,5.919,-0.046,263,-34.14491,0.178,0.006,6.82,7.709,7.807,0.052,0.045,1.149,0.24,0.012,10.52,0.385,0.133,10.04,0.394,0.173,8.44,0.419,0.166,6.312,12.81
2016-07-20 00:15:00,1,15594,,,1.136389,132,48.93,7.86,0.272,306,-31.84883,0.179,0.006,6.776,7.62,7.731,0.007,0.351,1.775,0.24,0.012,10.44,0.385,0.133,10.02,0.394,0.173,8.46,0.418,0.166,6.353,12.81
2016-07-20 00:30:00,1,15595,,,1.389722,156.6,26.37,9.3,0.23,229,-30.5552,0.179,0.006,6.758,7.636,7.73,0,0.461,1.719,0.24,0.012,10.34,0.385,0.133,10.02,0.394,0.172,8.45,0.418,0.167,6.33,12.79
2016-07-20 00:45:00,1,15596,,,1.165556,138.3,27.1,9.67,0.273,261,-27.3389,0.179,0.006,6.735,7.043,7.209,0.016,0.32,1.642,0.24,0.012,10.27,0.385,0.133,10.04,0.394,0.173,8.45,0.418,0.166,6.333,12.8
2016-07-20 01:00:00,1,15597,,,1.673056,137.5,15.65,10.2,0.322,264,-27.24335,0.179,0.006,6.77,5.862,6.603,0.089,0.139,1.86,0.241,0.012,10.18,0.385,0.133,10.02,0.394,0.173,8.47,0.418,0.166,6.368,12.8
2016-07-20 01:15:00,1,15598,,,1.384167,120,18.31,7.634,0.218,213,-29.29474,0.179,0.006,6.745,5.179,6.027,0.124,0.173,1.39,0.241,0.011,10.08,0.385,0.133,10.05,0.394,0.172,8.44,0.418,0.166,6.347,12.79
2016-07-20 01:30:00,1,15599,,,0.776667,106.8,32.64,5.331,0.234,348,-29.05408,0.18,0.006,6.656,6.17,6.457,0.029,0.265,1.137,0.24,0.012,10.02,0.385,0.132,10.03,0.394,0.173,8.45,0.418,0.167,6.336,12.79
2016-07-20 01:45:00,1,15600,,,0.993056,107.5,39.51,7.869,0.229,224,-29.77325,0.18,0.006,6.576,6.592,6.711,0.05,0.096,1.809,0.24,0.012,9.99,0.385,0.132,10.03,0.394,0.173,8.46,0.418,0.167,6.339,12.78
2016-07-20 02:00:00,1,15601,,,0.367222,330.6,103.2,4.724,0.237,221,-29.50823,0.18,0.006,6.445,6.516,6.685,0,0.101,0.894,0.241,0.012,9.88,0.385,0.132,10.03,0.394,0.173,8.47,0.418,0.166,6.342,12.78
2016-07-20 02:15:00,1,15602,,,0.752778,139.5,38.49,8.17,0.323,364,-28.05678,0.181,0.006,6.377,6.825,6.876,0.027,0.173,1.721,0.241,0.011,9.81,0.385,0.132,10.02,0.394,0.173,8.48,0.418,0.167,6.36,12.78
2016-07-20 02:30:00,1,15603,,,0.728889,144.5,30.91,6.125,0.246,414,-25.255,0.181,0.006,6.363,6.671,6.732,0.055,0.312,1.102,0.24,0.012,9.77,0.385,0.132,10.03,0.394,0.173,8.47,0.418,0.166,6.371,12.78
2016-07-20 02:45:00,1,15604,,,0.978611,159.3,41.25,7.958,0.239,259,-23.95356,0.181,0.006,6.399,6.695,6.739,0.022,0.306,1.81,0.24,0.012,9.67,0.385,0.132,10,0.394,0.173,8.49,0.418,0.167,6.365,12.77
2016-07-20 03:00:00,1,15605,,,1.423056,128,20.61,8.6,0.296,281,-23.72803,0.181,0.006,6.446,6.624,6.644,0.021,0.292,1.729,0.24,0.012,9.6,0.385,0.132,10.03,0.394,0.172,8.47,0.418,0.166,6.35,12.77
2016-07-20 03:15:00,1,15606,,,1.726389,133,19.31,11.03,0.31,252,-25.50558,0.181,0.006,6.412,6.565,6.585,0.009,0.207,1.76,0.241,0.011,9.55,0.385,0.132,10.01,0.394,0.173,8.49,0.418,0.167,6.327,12.76
2016-07-20 03:30:00,1,15607,,,1.674167,132.8,17.17,10.75,0.31,270,-25.07646,0.181,0.006,6.341,6.297,6.302,0.052,0.201,1.767,0.241,0.011,9.48,0.385,0.132,9.99,0.394,0.173,8.48,0.418,0.166,6.356,12.76
2016-07-20 03:45:00,1,15608,,,1.831667,133.3,18.38,10.54,0.305,291,-25.45091,0.18,0.006,6.326,6.554,6.573,0.045,0.139,1.746,0.241,0.011,9.43,0.385,0.132,9.97,0.394,0.173,8.5,0.418,0.166,6.345,12.76
2016-07-20 04:00:00,1,15609,,,1.581389,132.4,40.52,11.43,0.309,322,-24.99581,0.18,0.006,6.261,6.921,7.002,0.004,0.266,2.14,0.241,0.011,9.38,0.385,0.132,9.98,0.394,0.174,8.52,0.418,0.166,6.345,12.76
2016-07-20 04:15:00,1,15610,,,1.745,120.4,27.13,11.21,-0.037,286,-24.50828,0.18,0.006,6.222,6.839,6.922,0,0.211,2.106,0.241,0.012,9.36,0.385,0.132,9.94,0.394,0.174,8.5,0.418,0.167,6.353,12.76
2016-07-20 04:30:00,1,15611,,,1.285833,122.2,27.81,9.19,0.318,263,-23.52394,0.18,0.006,6.181,6.825,6.894,0.039,0.167,1.66,0.241,0.011,9.3,0.385,0.132,9.96,0.394,0.173,8.48,0.418,0.167,6.318,12.76
2016-07-20 04:45:00,1,15612,,,1.459167,133.2,18.91,9.31,0.319,297,-24.16198,0.18,0.006,6.2,6.789,6.822,0.012,0.047,1.749,0.241,0.012,9.23,0.384,0.132,9.93,0.394,0.173,8.49,0.418,0.167,6.354,12.76
2016-07-20 05:00:00,1,15613,,,1.4725,134,14.33,8.49,0.315,250,-25.40224,0.18,0.006,6.114,6.561,6.575,0.024,0.057,1.513,0.241,0.012,9.19,0.384,0.132,9.9,0.394,0.173,8.51,0.418,0.167,6.362,12.74
2016-07-20 05:15:00,1,15614,,,1.315556,128.3,17.85,8.45,0.296,281,-24.21281,0.18,0.006,6.037,6.626,6.668,0.023,0.078,1.679,0.241,0.012,9.13,0.384,0.132,9.89,0.394,0.173,8.52,0.418,0.166,6.327,12.75
2016-07-20 05:30:00,1,15615,,,0.934722,133.9,29.52,5.478,0.322,224,-19.592,0.179,0.006,6.041,7.071,7.216,0.046,0.036,1.066,0.241,0.011,9.09,0.384,0.132,9.88,0.394,0.173,8.52,0.418,0.167,6.348,12.83
2016-07-20 05:45:00,1,15616,,,1.266389,125.6,35.63,8.37,2.15,0,-15.86731,0.179,0.006,6.157,6.934,7.103,0.061,0.381,1.705,0.241,0.011,9.02,0.384,0.132,9.84,0.394,0.173,8.49,0.418,0.167,6.383,12.77
2016-07-20 06:00:00,6,15617,,,1.139167,123.8,26.83,6.889,0.309,279,-17.8269,0.179,0.006,6.229,7.164,7.527,0.133,0.163,1.123,0.241,0.011,8.99,0.384,0.132,9.89,0.394,0.174,8.53,0.418,0.166,6.351,12.92
2016-07-20 06:15:00,6.25,15618,,,1.161389,110.2,28.68,8.43,0.317,283,3.117873,0.179,0.006,6.273,8.18,8.6,0.054,0.55,1.958,0.241,0.011,8.98,0.384,0.132,9.86,0.394,0.173,8.53,0.418,0.167,6.362,12.89
2016-07-20 06:30:00,6.5,15619,,,0.78,131.1,71.49,6.831,0.312,248,0.8974539,0.179,0.006,6.817,7.935,8.22,0.06,0.402,1.896,0.241,0.011,8.92,0.384,0.131,9.84,0.394,0.173,8.52,0.418,0.166,6.356,12.92
2016-07-20 06:45:00,6.75,15620,,,0.673611,62.19,86,5.214,0.313,286,-0.6766339,0.179,0.006,7.027,7.983,8.1,0.062,0.334,1.179,0.241,0.011,8.89,0.384,0.131,9.8,0.394,0.173,8.49,0.418,0.166,6.351,12.87
2016-07-20 07:00:00,7,15621,,,0.747778,1.954,88.5,8.46,0.318,216,-8.005067,0.179,0.006,7.222,7.93,8.08,0.005,0.07,1.805,0.241,0.011,8.86,0.384,0.132,9.77,0.394,0.173,8.52,0.418,0.167,6.356,12.83
2016-07-20 07:15:00,7.25,15622,,,0.940278,123.6,56.49,7.281,0.319,257,-5.912429,0.178,0.006,7.182,7.721,7.938,0,0.056,1.348,0.241,0.011,8.82,0.384,0.131,9.75,0.394,0.174,8.52,0.418,0.167,6.351,12.82
2016-07-20 07:30:00,7.5,15623,,,0.641944,277.6,61.89,6.243,0.316,270,-8.057876,0.178,0.006,7.203,7.748,7.888,0,0.138,1.414,0.241,0.011,8.8,0.384,0.131,9.77,0.394,0.173,8.54,0.418,0.167,6.347,12.82
2016-07-20 07:45:00,7.75,15624,,,0.6325,90.3,63.49,6.017,0.317,256,-2.958793,0.178,0.006,7.277,7.919,8.04,0.061,0.151,1.504,0.241,0.011,8.79,0.384,0.131,9.74,0.394,0.173,8.52,0.418,0.166,6.318,12.83
2016-07-20 08:00:00,8,15625,,,0.673056,122.2,46.83,8.05,0.316,260,2.69561,0.178,0.006,7.379,8.45,8.66,0.085,0.108,1.735,0.241,0.011,8.79,0.384,0.131,9.76,0.394,0.173,8.54,0.418,0.166,6.321,12.89
2016-07-20 08:15:00,8.25,15626,,,0.821111,112.7,33.11,6.301,0.315,237,13.34289,0.178,0.006,7.695,8.76,9.01,0.045,0.216,1.364,0.241,0.011,8.8,0.384,0.131,9.68,0.394,0.173,8.52,0.418,0.167,6.359,12.9
2016-07-20 08:30:00,8.5,15627,,,1.259444,224,84.6,9.57,0.307,250,8.835124,0.177,0.006,8.12,8.87,9,0.079,0.149,2.272,0.241,0.011,8.78,0.384,0.131,9.69,0.394,0.173,8.52,0.418,0.167,6.345,13
2016-07-20 08:45:00,8.75,15628,,,0.960833,172.9,81.4,8.52,0.207,205,11.27546,0.177,0.006,8.5,9.73,9.84,0.123,0.098,1.766,0.241,0.011,8.8,0.384,0.132,9.66,0.394,0.173,8.52,0.418,0.167,6.371,13.06
2016-07-20 09:00:00,9,15629,,,0.9825,184.7,81.7,8.24,0.299,247,24.57739,0.177,0.006,8.89,9.4,9.41,0.02,0.43,1.748,0.241,0.011,8.83,0.384,0.132,9.7,0.394,0.174,8.55,0.418,0.167,6.348,13.06
2016-07-20 09:15:00,9.25,15630,,,0.929444,81.3,61.75,7.791,0.244,250,14.1157,0.177,0.006,9.37,9.17,9.11,0.066,0.092,1.706,0.241,0.011,8.85,0.384,0.131,9.65,0.394,0.173,8.54,0.418,0.167,6.345,13.09
2016-07-20 09:30:00,9.5,15631,,,0.82,80,75.43,14.61,0.23,200,23.97001,0.177,0.006,9.48,9.65,9.71,0.058,0.162,2.591,0.241,0.011,8.87,0.384,0.131,9.63,0.394,0.173,8.55,0.418,0.166,6.356,13.12
2016-07-20 09:45:00,9.75,15632,,,0.772778,113.8,60.38,7.585,0.23,200,31.12823,0.177,0.006,9.85,9.77,9.75,0.072,0.123,1.657,0.241,0.011,8.93,0.384,0.131,9.59,0.394,0.174,8.54,0.418,0.167,6.339,13.19
2016-07-20 10:00:00,10,15633,,,1.025278,303.3,69.33,10.54,0.251,371,18.22696,0.177,0.006,10.18,10.09,9.91,0.146,0.258,2.602,0.241,0.011,8.98,0.384,0.131,9.59,0.394,0.173,8.56,0.418,0.167,6.354,13.25
2016-07-20 10:15:00,10.25,15634,,,1.108611,129.5,93.8,9.48,0.294,286,45.40622,0.177,0.006,10.43,11.25,10.44,0.397,0.409,2.102,0.241,0.011,9.1,0.384,0.131,9.59,0.394,0.173,8.52,0.418,0.167,6.377,13.49
2016-07-20 10:30:00,10.5,15635,,,0.977778,83.8,93.5,7.252,0.297,242,43.10386,0.177,0.006,11.61,10.76,10.44,0.276,0.458,1.593,0.241,0.012,9.11,0.384,0.131,9.58,0.394,0.173,8.56,0.418,0.167,6.354,13.51
2016-07-20 10:45:00,10.75,15636,,,0.931389,287.5,90.1,10.02,0.301,278,41.63019,0.176,0.006,12.01,10.97,10.77,0.266,0.491,1.845,0.241,0.011,9.2,0.384,0.13,9.56,0.394,0.173,8.57,0.418,0.168,6.368,14.09
2016-07-20 11:00:00,11,15637,,,1.3275,178.6,88.8,9.21,0.306,313,40.91671,0.176,0.006,12.28,11.41,10.67,1.004,1.168,1.748,0.241,0.011,9.29,0.384,0.13,9.51,0.394,0.173,8.51,0.418,0.167,6.347,13.55
2016-07-20 11:15:00,11.25,15638,,,1.193611,289.6,76.8,12.26,0.26,232,37.95876,0.176,0.007,13.02,11.17,10.48,0.602,0.647,2.415,0.24,0.012,9.39,0.384,0.13,9.52,0.394,0.173,8.55,0.418,0.167,6.319,13.49
2016-07-20 11:30:00,11.5,15639,,,1.158056,245.5,92,8.32,-0.075,264,20.15182,0.176,0.007,13.01,11.64,10.79,1.138,1.574,1.908,0.24,0.012,9.55,0.384,0.13,9.55,0.394,0.173,8.55,0.418,0.167,6.392,13.57
2016-07-20 11:45:00,11.75,15640,,,1.285833,121.2,64.39,11.56,0.288,260,28.89077,0.176,0.007,12.93,11.37,10.92,0.976,0.999,2.329,0.24,0.012,9.67,0.384,0.13,9.52,0.394,0.173,8.56,0.418,0.167,6.371,14.51
2016-07-20 12:00:00,12,15641,,,1.89,266.5,56.72,12.93,0.257,238,-28.94851,0.176,0.007,12.94,11.51,10.69,1.164,1.411,2.43,0.24,0.012,9.8,0.384,0.13,9.46,0.394,0.173,8.52,0.418,0.167,6.347,14.53
2016-07-20 12:15:00,12.25,15642,,,1.435833,47.16,89.3,16.41,0.295,249,-20.88439,0.175,0.007,12.53,10.94,10.63,0.882,1.346,2.696,0.24,0.012,9.9,0.384,0.13,9.49,0.394,0.173,8.54,0.418,0.167,6.336,13.45
2016-07-20 12:30:00,12.5,15643,,,1.096944,144.3,81.2,10.57,0.246,241,-14.28854,0.175,0.007,12.1,10.84,10.72,0.194,0.609,2.156,0.24,0.012,10.03,0.384,0.13,9.46,0.394,0.173,8.56,0.418,0.167,6.389,13.66
2016-07-20 12:45:00,12.75,15644,,,1.084722,328.2,69.35,11.71,0.297,278,-9.736093,0.175,0.007,11.55,12.02,11.79,1.46,2.042,2.582,0.24,0.012,10.15,0.384,0.13,9.45,0.394,0.173,8.58,0.418,0.167,6.365,14.49
2016-07-20 13:00:00,13,15645,,,1.224167,113.9,32.03,7.86,0.276,384,13.56873,0.174,0.007,11.46,12.18,12.32,1.093,1.532,1.663,0.24,0.012,10.23,0.384,0.13,9.45,0.394,0.173,8.54,0.418,0.166,6.357,14.5
2016-07-20 13:15:00,13.25,15646,,,0.987222,116.2,50.88,7.027,0.298,310,24.66662,0.174,0.007,11.71,13.34,13.84,0.657,0.826,1.453,0.24,0.013,10.29,0.384,0.13,9.44,0.394,0.173,8.54,0.418,0.167,6.383,14.39
2016-07-20 13:30:00,13.5,15647,,,0.933056,97.5,39.04,8.64,0.31,345,27.74937,0.173,0.007,12.03,13.73,14.65,0.658,1.376,1.937,0.24,0.012,10.35,0.384,0.13,9.43,0.394,0.173,8.56,0.418,0.166,6.36,14.39
2016-07-20 13:45:00,13.75,15648,,,0.463611,60.36,97.9,4.214,0.238,223,33.64418,0.173,0.007,12.33,14.61,15.95,0.697,1.553,1.043,0.24,0.012,10.46,0.384,0.13,9.45,0.394,0.173,8.53,0.418,0.167,6.386,13.65
2016-07-20 14:00:00,14,15649,,,0.311389,72.24,76.3,3.812,0.325,284,37.40348,0.173,0.007,12.69,13.81,14.42,0.768,1.684,0.735,0.24,0.012,10.55,0.384,0.13,9.43,0.394,0.173,8.55,0.418,0.167,6.353,13.51
2016-07-20 14:15:00,14.25,15650,,,0.654722,74.26,62.7,6.791,0.32,254,23.213,0.173,0.007,12.87,12.41,12.44,0.105,0.488,1.717,0.24,0.012,10.7,0.384,0.13,9.39,0.394,0.173,8.54,0.418,0.167,6.339,13.42
2016-07-20 14:30:00,14.5,15651,,,0.4575,88.2,57.11,9.61,0.322,252,21.16794,0.173,0.007,12.54,12.47,12.66,0.057,0.801,2.005,0.24,0.012,10.87,0.384,0.13,9.43,0.394,0.173,8.54,0.418,0.167,6.374,13.37
2016-07-20 14:45:00,14.75,15652,,,0.925833,107.9,48.87,9.07,0.308,368,9.944722,0.172,0.007,12.54,12.63,13.52,1.154,2.15,2.458,0.24,0.012,11.02,0.384,0.13,9.38,0.394,0.173,8.57,0.418,0.167,6.342,14.44
2016-07-20 15:00:00,15,15653,,,0.652778,32.83,71.58,6.331,0.309,226,19.74692,0.172,0.007,12.5,13.28,13.85,0.979,1.542,1.343,0.24,0.012,11.18,0.384,0.13,9.45,0.394,0.173,8.56,0.418,0.167,6.359,13.38
2016-07-20 15:15:00,15.25,15654,,,0.930556,82.5,35.15,8.3,0.32,290,17.97777,0.171,0.007,12.69,13.21,14.04,1.441,2.634,1.856,0.24,0.012,11.28,0.384,0.13,9.43,0.394,0.173,8.56,0.418,0.167,6.354,13.47
2016-07-20 15:30:00,15.5,15655,,,0.584167,34.07,74.01,6.517,0.32,246,17.94259,0.171,0.007,12.51,12.86,13.04,0.093,0.433,1.24,0.24,0.012,11.37,0.384,0.13,9.4,0.394,0.173,8.56,0.418,0.167,6.345,13.39
2016-07-20 15:45:00,15.75,15656,,,0.892778,34.24,76.04,7.34,0.297,351,27.83066,0.171,0.007,12.5,13.13,13.82,0.304,0.488,1.65,0.24,0.012,11.48,0.384,0.13,9.44,0.394,0.173,8.54,0.418,0.167,6.386,13.64
2016-07-20 16:00:00,16,15657,,,1.116944,76.79,55.25,7.948,0.319,264,44.90685,0.171,0.007,12.46,12.83,13.64,0.625,0.712,1.877,0.24,0.012,11.56,0.384,0.13,9.43,0.394,0.173,8.54,0.418,0.167,6.383,13.35
2016-07-20 16:15:00,16.25,15658,,,0.793333,110.8,59.5,6.664,0.318,219,47.83636,0.171,0.007,12,12.63,13.23,0.133,0.149,1.783,0.24,0.012,11.6,0.384,0.13,9.44,0.394,0.173,8.56,0.418,0.167,6.339,13.26
2016-07-20 16:30:00,16.5,15659,,,0.863333,86.1,34,6.145,0.32,235,45.48643,0.17,0.007,11.78,12.79,13.29,0.095,0.578,1.244,0.24,0.012,11.66,0.384,0.13,9.48,0.394,0.173,8.54,0.418,0.167,6.377,13.27
2016-07-20 16:45:00,16.75,15660,,,0.866667,91.8,35.43,7.703,0.325,304,41.33992,0.17,0.007,11.58,12.55,12.75,0.043,0.203,1.74,0.24,0.012,11.77,0.384,0.13,9.45,0.394,0.173,8.52,0.418,0.167,6.365,13.26
2016-07-20 17:00:00,17,15661,,,0.8075,93.2,63.17,7.458,-0.037,277,38.70974,0.17,0.007,11.75,12.98,13.03,0.063,0.3,2.035,0.24,0.012,11.82,0.384,0.13,9.51,0.394,0.173,8.51,0.418,0.167,6.339,13.26
2016-07-20 17:15:00,17.25,15662,,,0.744722,119.7,90.4,9.21,0.325,215,23.482,0.17,0.007,12.54,12.47,12.7,0.09,0.253,1.842,0.24,0.013,11.84,0.384,0.13,9.51,0.394,0.172,8.53,0.418,0.167,6.368,13.17
2016-07-20 17:30:00,17.5,15663,,,0.776667,74.15,57.84,6.154,0.321,211,-2.863325,0.169,0.007,12.7,11.96,12.18,0.061,0.758,1.339,0.24,0.013,11.89,0.384,0.13,9.53,0.394,0.172,8.53,0.418,0.167,6.345,13.19
2016-07-20 17:45:00,17.75,15664,,,0.829167,91.3,55.32,7.281,0.331,220,10.34542,0.169,0.007,12.17,11.9,12.15,0.082,0.287,1.413,0.239,0.013,11.91,0.384,0.13,9.49,0.394,0.173,8.52,0.418,0.167,6.354,13.14
2016-07-20 18:00:00,18,15665,,,0.885833,71.72,82.9,9.06,-0.067,211,-7.277032,0.169,0.007,12.25,11.63,11.87,0.09,0.533,2.308,0.239,0.012,11.9,0.384,0.13,9.51,0.394,0.173,8.55,0.418,0.167,6.377,13.06
2016-07-20 18:15:00,18.25,15666,,,1.235556,276.3,74.99,12.8,0.299,315,-31.50677,0.168,0.006,11.75,11.39,11.63,0.062,0.952,2.814,0.239,0.012,11.94,0.384,0.131,9.55,0.394,0.173,8.52,0.418,0.167,6.336,13.05
2016-07-20 18:30:00,18.5,15667,,,0.984722,200.2,83.3,7.634,0.32,227,-25.97008,0.168,0.006,10.99,11.33,11.59,0.012,0.535,1.87,0.239,0.012,11.96,0.384,0.131,9.61,0.394,0.172,8.53,0.418,0.167,6.339,13.02
2016-07-20 18:45:00,18.75,15668,,,0.886944,305.3,72.59,9.1,0.261,252,-28.36305,0.168,0.006,10.62,10.95,11.26,0.031,0.346,2.093,0.239,0.012,11.91,0.384,0.131,9.59,0.394,0.173,8.56,0.418,0.167,6.362,13
2016-07-20 19:00:00,19,15669,,,1.748333,267.2,49.22,12.71,-0.068,279,-36.63668,0.167,0.006,10.15,10.93,11.28,0.057,0.385,2.369,0.239,0.012,11.85,0.384,0.131,9.59,0.394,0.173,8.54,0.418,0.167,6.318,12.98
2016-07-20 19:15:00,19.25,15670,,,1.4675,288.4,37.89,8.8,0.282,331,-36.48351,0.167,0.006,9.63,10.64,11.03,0.015,0.323,2.06,0.239,0.012,11.79,0.384,0.131,9.61,0.394,0.173,8.54,0.418,0.167,6.365,12.97
2016-07-20 19:30:00,19.5,15671,,,1.240556,189.1,90.9,12.29,0.291,269,-38.20302,0.167,0.006,9.21,10.58,10.86,0.033,0.24,3.109,0.239,0.012,11.71,0.384,0.131,9.65,0.394,0.173,8.54,0.418,0.167,6.35,12.93
2016-07-20 19:45:00,19.75,15672,,,1.063056,147.8,76.75,8.5,-0.049,229,-38.11496,0.166,0.006,8.79,10.39,10.63,0.026,0.183,2.091,0.239,0.012,11.68,0.384,0.131,9.66,0.394,0.173,8.52,0.418,0.168,6.33,12.93
2016-07-20 20:00:00,20,15673,,,1.028889,29.5,91.5,9.24,-0.055,310,-37.09552,0.166,0.006,8.4,10.17,10.47,0.013,0.169,2.377,0.239,0.012,11.56,0.384,0.131,9.7,0.394,0.173,8.53,0.418,0.167,6.339,12.92
2016-07-20 20:15:00,,15674,,,1.017222,139.7,66.43,11.61,0.305,305,-36.92785,0.166,0.006,8.12,9.83,10.03,0.052,0.144,2.283,0.239,0.012,11.48,0.384,0.131,9.7,0.394,0.173,8.55,0.418,0.167,6.381,12.89
2016-07-20 20:30:00,,15675,,,1.219722,166.9,85.3,11.1,0.293,286,-35.88116,0.166,0.006,7.831,10,10.19,0,0.1,2.162,0.239,0.012,11.35,0.384,0.131,9.72,0.394,0.173,8.54,0.418,0.168,6.389,12.87
2016-07-20 20:45:00,,15676,,,1.036389,134.4,63.64,8.13,0.305,264,-35.28113,0.165,0.006,7.614,9.73,9.88,0.048,0.059,2.001,0.238,0.012,11.23,0.384,0.131,9.72,0.394,0.173,8.52,0.418,0.168,6.383,12.87
2016-07-20 21:00:00,,15677,,,0.997222,113.9,20.52,6.301,0.305,271,-36.4228,0.165,0.006,7.376,9.2,9.3,0.005,0.1,1.019,0.238,0.012,11.12,0.384,0.131,9.75,0.394,0.173,8.52,0.418,0.167,6.363,12.87