TIMESTAMP,time,RECORD,AirTemp_Avg,RH_Avg,RHcorrected_Avg,WindSpeed_S_WVT,WindDir_D1_WVT,WindDir_SD1_WVT,SnowDepth,SignalQuality,short_in_Avg,short_out_Avg,long_in_Avg,long_out_Avg,cnr4_T_C_Avg,cnr4_T_K_Avg,long_in_corr_Avg,long_out_corr_Avg,net_short_Avg,net_long_Avg,albedo_Avg,net_rad_Avg,SnowTemp20cm_Avg,SnowTemp150cm_Avg,Rainfall_Tot,VWC,EC,SoilTemp_650,HFP_Avg,Pressure,AirTemp_Std,RHcorrected_Std,WindSpeed_Std,short_in_Std,short_out_Std,long_in_Std,long_out_Std,cnr4_T_C_Std
2016-07-18 00:00,0,6.576,68.9,68.9,0.516,166.9,31.93,0.008,187,-1.014061,3.272317,-50.90975,-5.137568,4.768324,277.9183,287.3513,333.1235,-4.286379,-45.77218,-3.674472,-50.05856,5.216,6.246,0,0.28,0.059,6.01,-36.23681,"1,021.775",0.081,0.893,0.415,0.2360325,0.3206883,4.652341,0.3560541,0.099,
2016-07-18 00:15,0.25,6.345,70.83,70.83,0.265,254,2.919,0.007,178,-0.5548721,3.52997,-47.76587,-5.127303,4.627568,277.7776,289.8103,332.4489,-4.084842,-42.63857,NAN,-46.7234,4.913,5.889,0,0.28,0.059,5.875,-36.83653,"1,021.778",0.021,0.506,0.328,0.4410029,0.5591654,6.308376,0.7325134,0.057,
2016-07-18 00:30,0.5,6.338,70.3,70.3,0.108,340.8,5.239,0.009,187,-1.472541,3.976089,-67.77175,-7.908909,4.178859,277.3288,267.6294,327.4922,-5.44863,-59.86284,-2.802133,-65.31148,3.748,5.392,0,0.28,0.058,5.525,-42.04959,"1,021.624",0.064,0.592,0.163,0.257317,0.2079918,3.889824,0.658968,0.192,
2016-07-18 00:45,0.75,6.097,71.3,71.3,0.121,242,9.97,0.007,173,-1.575486,3.665685,-69.58827,-7.639287,3.447671,276.5977,262.2895,324.2385,-5.241172,-61.94899,-3.354259,-67.19016,4.463,5.194,0,0.279,0.058,5.171,-47.95273,"1,021.594",0.123,0.557,0.19,0.6157367,1.123406,0.5332415,0.606818,0.177,
2016-07-18 01:00,1,6.264,70.65,70.65,0.213,224.8,7.117,0.007,174,-0.7355739,5.672688,-65.77135,-7.631324,3.439329,276.5893,266.0656,324.2056,-6.408262,-58.14003,NAN,-64.54829,5.015,5.755,0,0.279,0.058,4.83,-49.46212,"1,021.604",0.038,0.125,0.258,0.2676953,0.480712,1.873924,0.3717386,0.048,
2016-07-18 01:15,1.25,6.312,70.98,70.98,0.98,106.9,5.211,0.005,190,-1.232504,5.796197,-68.33374,-7.685534,3.701513,276.8515,264.7641,325.4124,-7.028702,-60.6482,-6.83397,-67.67691,4.172,5.744,0,0.278,0.057,4.592,-47.66549,"1,021.572",0.068,0.464,0.801,0.4127345,0.7703917,2.418127,0.4780434,0.192,
2016-07-18 01:30,1.5,5.617,75.55,75.55,1.678,110.9,8.64,0.005,183,-2.648221,4.205099,-72.51017,-9.048558,4.149657,277.2996,262.7487,326.2104,-6.85332,-63.46161,-1.659202,-70.31493,3.168,5.021,0,0.278,0.057,4.442,-44.70971,"1,021.615",0.187,1.576,0.158,0.3454268,0.6677917,1.574127,0.2084237,0.031,
2016-07-18 01:45,1.75,5.674,76.26,76.26,0.705,100.5,15.83,0.008,177,-0.737379,2.738727,-42.06009,-7.189897,4.095737,277.2457,292.9381,327.8083,-3.476106,-34.87019,INF,-38.3463,3.731,5.118,0,0.278,0.057,4.399,-39.15814,"1,021.656",0.075,0.658,0.496,1.261041,0.7808932,14.50245,1.216845,0.021,
2016-07-18 02:00,2,5.74,74.86,74.86,0.38,278.8,9.41,0.008,185,0.5016366,1.637381,-33.3555,-5.082659,4.249805,277.3998,302.3881,330.6609,-1.135744,-28.27284,NAN,-29.40859,4.243,5.339,0,0.277,0.056,4.592,-32.22339,"1,021.457",0.059,0.543,0.294,0.5042078,0.3419265,7.282001,0.5293769,0.062,
2016-07-18 02:15,2.25,5.724,74.76,74.76,0.351,278.6,17.3,0.007,174,-2.038177,2.41767,-65.15646,-8.871644,4.116902,277.2669,269.9448,326.2296,-4.455847,-56.28482,-1.312324,-60.74066,4.165,5.229,0,0.277,0.056,4.466,-36.12249,"1,021.334",0.065,0.275,0.267,0.8689625,0.7123982,6.356041,1.177132,0.16,
2016-07-18 02:30,2.5,5.769,73.99,73.99,0.066,292.9,1.654,0.008,174,-1.808668,2.024434,-65.76107,-9.895764,3.558575,276.7086,266.6497,322.515,-3.833101,-55.8653,-1.214738,-59.69841,3.851,4.881,0,0.277,0.056,4.165,-42.65329,"1,021.377",0.053,0.158,0.179,0.4272927,0.4512535,3.612,0.7381682,0.218,
2016-07-18 02:45,2.75,5.842,73.48,73.48,0.046,84,8.71,0.007,174,0.06030906,3.793667,-54.62875,-7.726966,3.173804,276.3238,275.9357,322.8376,-3.733358,-46.90179,NAN,-50.63515,3.271,4.885,0,0.276,0.056,4.029,-44.30859,"1,021.423",0.077,0.259,0.103,0.3154085,0.6027325,5.720262,0.4565564,0.029,
2016-07-18 03:00,3,5.62,75.4,75.4,0.952,139.9,15.02,0.006,182,0.09569527,3.394623,-43.63956,-5.880292,3.530652,276.6806,288.6366,326.3959,-3.298928,-37.75927,INF,-41.05819,3.753,5.293,0,0.276,0.056,3.992,-38.03807,"1,021.267",0.041,0.419,0.383,0.4320189,0.3363449,3.005036,0.2736269,0.177,
2016-07-18 03:15,3.25,5.653,74.79,74.79,1.189,162.8,19.27,0.007,182,-0.9716628,3.059072,-51.98246,-6.892179,3.983144,277.1331,282.4721,327.5623,-4.030735,-45.09028,-3.267926,-49.12101,4.045,5.368,0,0.276,0.055,4.035,-32.47884,"1,021.186",0.119,0.751,0.369,0.2139002,0.3445045,3.418557,0.7637482,0.077,
2016-07-18 03:30,3.5,5.646,74.55,74.55,0.498,245.7,33.39,0.006,174,-1.951268,3.41308,-66.00549,-9.98827,3.83113,276.9811,267.7159,323.7331,-5.364348,-56.01723,-1.770052,-61.38158,4.074,5.17,0,0.276,0.055,3.899,-34.88375,"1,021.025",0.067,0.328,0.209,0.1747815,0.5643224,6.648115,0.903165,0.097,
2016-07-18 03:45,3.75,5.613,74.95,74.95,0.199,200.4,43.69,0.007,181,-2.459884,3.125045,-73.04383,-10.78167,3.404364,276.5544,258.6259,320.8881,-5.584929,-62.26217,-1.310745,-67.84709,4.057,5.111,0,0.275,0.055,3.598,-42.34569,"1,020.908",0.057,0.517,0.284,0.3592222,0.6470681,0.5410061,0.6992906,0.157,
2016-07-18 04:00,4,5.521,77.6,77.6,0.806,112.1,9.2,0.008,174,-2.362998,4.507814,-73.48817,-10.1705,3.340919,276.4909,257.8768,321.1945,-6.870812,-63.31768,-1.992461,-70.18849,3.195,4.894,0,0.275,0.055,3.386,-43.00628,"1,020.792",0.137,0.966,0.452,0.4273474,0.5234636,0.3311313,0.8032522,0.06,
2016-07-18 04:15,4.25,5.279,77.38,77.38,0.352,243.3,4.971,0.007,169,-2.541733,3.704744,-72.08923,-10.58229,3.096966,276.2469,258.108,319.615,-6.246476,-61.50693,-1.583326,-67.75341,3.549,4.423,0,0.275,0.054,3.161,-44.27708,"1,020.837",0.056,0.727,0.484,0.5194231,1.069233,0.9442302,0.3350926,0.104,
2016-07-18 04:30,4.5,5.352,78.95,78.95,0.509,86.4,24.22,0.005,174,-1.207469,3.234798,-65.59227,-9.060081,2.809657,275.9596,263.2334,319.7655,-4.442267,-56.53219,-3.903744,-60.97445,3.113,4.336,0,0.274,0.054,2.997,-45.07861,"1,020.803",0.122,0.886,0.383,0.5353926,0.8545434,4.015266,0.7938721,0.088,
2016-07-18 04:45,4.75,5.317,81.2,81.2,0.815,150.9,68.12,0.008,187,-0.8782704,3.639158,-59.31994,-8.762282,3.181804,276.3318,271.283,321.8406,-4.517428,-50.55766,-5.536873,-55.07509,3.542,4.809,0,0.274,0.054,2.931,-39.3647,"1,020.808",0.128,1.512,0.42,0.5238092,0.5307634,4.684505,0.4020176,0.077,
2016-07-18 05:00,5,15425,5.366,76.58,76.58,1.204,279.7,38.69,0.005,173,0.02567357,3.610722,-45.64033,-8.821301,3.719129,276.8691,287.5419,324.3609,-3.585048,-36.81903,INF,-40.40408,3.533,5,0,0.274,0.053,3.11,-31.94082,"1,020.727",0.12,0.702,0.436,0.5576588,0.776931,9.304348,0.6362914,0.14
2016-07-18 05:15,5.25,15426,5.518,76.52,76.52,0.714,308.7,24.37,0.007,182,-0.8874775,2.162361,-51.11884,-9.791915,3.946908,277.0969,283.1607,324.4877,-3.049838,-41.32693,-3.885967,-44.37677,3.381,4.842,0,0.274,0.053,3.157,-31.53188,"1,020.761",0.101,0.633,0.447,0.5273708,0.5141885,3.109644,0.5467564,0.059
2016-07-18 05:30,5.5,15427,5.502,77.71,77.71,0.59,300.3,14.47,0.005,179,-0.8675225,1.496563,-60.97834,-10.04297,3.82548,276.9755,272.7156,323.651,-2.364085,-50.93537,-2.360298,-53.29945,3.21,4.976,0,0.273,0.053,3.11,-33.78569,"1,020.638",0.119,0.938,0.229,0.2962433,0.8722414,3.181597,0.2725514,0.026
2016-07-18 05:45,5.75,15428,5.651,77.07,77.07,0.569,51.95,59.07,0.006,182,0.02741443,3.936135,-71.45182,-10.44733,3.559162,276.7091,260.9608,321.9653,-3.90872,-61.00449,NAN,-64.91321,2.913,4.931,0,0.273,0.053,3.01,-37.7824,"1,020.517",0.103,0.654,0.601,0.9833516,0.9741056,1.140676,0.8547722,0.108
2016-07-18 06:00,6,15429,5.612,78.79,78.79,0.76,138.4,13.52,0.005,170,3.394295,4.697432,-73.63845,-10.99703,3.682769,276.8327,259.3686,322.01,-1.303137,-62.64142,1.587598,-63.94455,3.622,5.098,0,0.273,0.053,2.874,-35.12379,"1,020.676",0.135,0.81,0.71,1.202995,0.6226764,0.452181,0.7366223,0.105
2016-07-18 06:15,6.25,15430,5.524,77.94,77.94,0.551,218.1,53,0.008,186,9.019044,4.488314,-72.60829,-10.89334,3.348592,276.4986,258.7935,320.5085,4.530731,-61.71496,0.5053778,-57.18423,3.773,5.072,0,0.273,0.053,2.707,-37.48537,"1,020.716",0.074,0.592,0.823,1.548539,0.8535442,0.4119457,0.9479395,0.086
2016-07-18 06:30,6.5,15431,5.866,78.73,78.73,1.482,173.1,68.66,0.005,173,45.96396,12.95886,-75.63646,-10.19895,4.035305,277.1853,259.0725,324.51,33.0051,-65.43751,0.3098058,-32.43241,3.934,5.35,0,0.273,0.052,2.698,-30.99304,"1,020.718",0.118,1.797,0.736,15.7062,2.546364,1.368977,1.304062,0.323
2016-07-18 06:45,6.75,15432,5.834,76.02,76.02,0.886,297.5,26.92,0.005,178,77.1385,17.94678,-78.4069,-12.10038,4.726087,277.8761,259.6492,325.9558,59.19172,-66.30653,0.2325167,-7.114804,3.804,5.588,0,0.272,0.052,2.732,-29.25751,"1,020.791",0.172,0.843,0.207,20.20556,4.737105,0.6318768,0.1582105,0.185
2016-07-18 07:00,7,15433,6.167,76.82,76.82,0.807,344.2,19.91,0.007,173,117.3322,27.5108,-81.26659,-11.48948,5.551756,278.7017,260.8263,330.6034,89.8214,-69.77711,0.234791,20.04429,4.605,6.771,0,0.272,0.052,2.789,-28.46758,"1,020.857",0.089,0.399,0.272,10.3023,1.988174,0.8608665,0.3153763,0.255
2016-07-18 07:15,7.25,15434,6.616,78.42,78.42,0.368,47.09,60.79,0.005,169,154.5481,34.47182,-83.90485,-9.974257,6.425585,279.5756,262.4983,336.4289,120.0763,-73.9306,0.2233466,46.14569,5.874,7.337,0,0.272,0.052,2.931,-23.98459,"1,020.799",0.14,1.299,0.357,10.90347,1.785696,0.8928446,0.4573277,0.237
2016-07-18 07:30,7.5,15435,6.421,77.45,77.45,0.431,334.1,17.89,0.006,168,193.5705,41.48661,-87.27211,-8.678834,7.183462,280.3334,262.9027,341.496,152.0839,-78.59328,0.2143823,73.49062,6.383,7.638,0,0.271,0.052,3.355,-19.88563,"1,020.82",0.089,0.734,0.29,12.08842,2.419193,0.9999308,0.4267334,0.253
2016-07-18 07:45,7.75,15436,6.804,81.1,81.1,0.872,105.6,44.58,0.006,172,236.9488,48.88882,-89.60016,-6.706246,7.936789,281.0868,264.3525,347.2465,188.06,-82.89391,0.2064591,105.1661,7.632,7.926,0,0.271,0.052,4.007,-14.01924,"1,020.797",0.148,1.435,0.871,13.29697,2.207994,0.3987359,0.924362,0.123
2016-07-18 08:00,8,15437,6.97,81.2,81.2,0.944,34.08,70.69,0.009,181,280.5372,56.33215,-91.3685,-4.313917,8.494205,281.6442,265.4005,352.4551,224.205,-87.05458,0.2009062,137.1505,8.45,8.45,0,0.271,0.052,4.821,-7.318665,"1,020.743",0.17,2.169,0.83,13.26972,2.04888,0.3431133,0.6393639,0.159
2016-07-18 08:15,8.25,15438,7.145,82.4,82.4,1.806,80.6,23.17,0.01,182,327.1221,64.28728,-90.85168,-0.7254798,8.595845,281.7458,266.4324,356.5586,262.8348,-90.1262,0.196535,172.7086,9.2,8.93,0,0.271,0.052,5.911,4.878828,"1,020.883",0.234,1.108,0.852,13.73228,2.622844,0.3875392,1.554404,0.132
2016-07-18 08:30,8.5,15439,7.26,79.78,79.78,0.93,300,32.03,0.008,181,371.4585,71.40257,-93.09591,1.813507,9.269106,282.4191,267.6158,362.5253,300.056,-94.90942,0.1922787,205.1465,9.14,8.89,0,0.271,0.052,7.019,20.53452,"1,020.907",0.108,0.657,0.457,12.04931,1.71219,0.7712646,0.71852,0.173
2016-07-18 08:45,8.75,15440,7.345,82.1,82.1,2.78,84.9,32.4,0.012,181,419.6128,78.27306,-92.71812,2.943324,9.421136,282.5711,268.7715,364.4329,341.3398,-95.66145,0.1865905,245.6783,10.09,9.51,0,0.271,0.052,8.04,31.0083,"1,020.857",0.28,1.528,1.213,13.57767,1.888715,0.6456263,1.555684,0.223
2016-07-18 09:00,9,15441,7.482,81.8,81.8,2.245,103,28.51,0.008,176,463.5624,85.26445,-92.97395,6.997253,9.437831,282.5878,268.6002,368.5714,378.2979,-99.9712,0.1839663,278.3267,10.22,9.52,0,0.272,0.052,8.98,30.10752,"1,020.886",0.203,1.852,1.043,13.34286,1.932679,0.4527461,1.059944,0.122
2016-07-18 09:15,9.25,15442,7.85,80.5,80.5,2.889,99.7,27.29,0.012,186,510.2431,92.77547,-92.81567,9.105296,9.617029,282.767,269.6767,371.5976,417.4676,-101.921,0.1818404,315.5467,10.54,9.98,0,0.272,0.053,9.86,33.12887,"1,020.763",0.33,1.427,1.445,13.30195,2.184208,0.537244,1.71024,0.151
2016-07-18 09:30,9.5,15443,8.19,79.63,79.63,4.317,109.4,16.18,0.014,177,557.1098,99.72306,-91.61505,10.12609,9.869184,283.0192,272.1715,373.9127,457.3867,-101.7411,0.1790013,355.6456,10.68,9.7,0,0.272,0.053,10.65,40.36785,"1,020.8",0.253,1.662,1.228,12.04069,2.228583,4.687684,1.800079,0.078
2016-07-18 09:45,9.75,15444,8.43,78.42,78.42,5.348,115.1,16.6,0.009,177,602.336,106.9464,-91.60999,11.39721,10.01941,283.1694,272.9496,375.9567,495.3895,-103.0072,0.1775818,392.3823,10.89,9.93,0,0.272,0.053,11.27,45.88432,"1,020.794",0.253,1.493,1.184,13.03714,1.657511,0.6182736,1.607838,0.054
2016-07-18 10:00,10,15445,8.49,77.64,77.64,4.932,106.3,13.3,0.011,180,642.5584,112.2123,-92.72628,14.03486,10.27616,283.4261,273.1572,379.9184,530.3461,-106.7611,0.174643,423.5849,11.61,10.32,0,0.272,0.054,11.98,47.42188,"1,020.629",0.232,1.609,1.045,12.79407,2.004173,0.6245574,1.36398,0.064
2016-07-18 10:15,10.25,15446,8.69,78.16,78.16,4.795,100.6,14.29,0.011,181,691.2935,119.2902,-89.86864,17.01171,10.62929,283.7793,277.8423,384.7226,572.0032,-106.8803,0.1725691,465.1229,12.66,11.05,0,0.272,0.054,12.9,53.21945,"1,020.624",0.248,1.745,1.016,12.99919,2.000711,0.6435333,1.552304,0.148
2016-07-18 10:30,10.5,15447,8.89,78.48,78.48,4.135,86.6,31.29,0.013,177,752.4404,127.9558,-85.192,21.29754,11.07908,284.2291,284.8565,391.346,624.4847,-106.4895,0.1700701,517.9951,13.85,11.98,0,0.272,0.055,13.64,62.45366,"1,020.736",0.245,1.833,0.994,20.13131,3.000618,2.372946,2.048742,0.224
2016-07-18 10:45,10.75,15448,9.48,76.92,76.92,3.672,92.8,16.47,0.013,182,798.8331,133.5644,-78.32472,25.22698,12.03468,285.1847,296.7257,400.2774,665.2687,-103.5517,0.1667292,561.717,15.01,13.11,0,0.272,0.055,15.07,81.198,"1,020.608",0.235,2.4,1.177,133.3987,23.61446,8.051476,3.546358,0.243
2016-07-18 11:00,11,15449,9.85,75.5,75.5,4.233,95.4,19.11,0.01,177,570.4819,93.0092,-52.94329,20.11447,11.94228,285.0923,321.6205,394.6782,477.4727,-73.05775,0.1606507,404.4149,14.03,11.66,0,0.272,0.056,15.2,75.01057,"1,020.481",0.521,2.557,0.987,228.5514,40.75825,4.114214,5.047414,0.169
2016-07-18 11:15,11.25,15450,10.28,73.54,73.54,5.161,100.1,13.1,0.011,180,845.5609,139.8963,-58.32199,25.54995,12.49289,285.6429,319.1458,403.0178,705.6646,-83.87194,0.1636849,621.7927,15.24,11.85,0,0.272,0.056,15.78,74.96538,"1,020.431",0.407,2.649,1.083,280.125,49.11546,3.447906,7.082555,0.319
2016-07-18 11:30,11.5,15451,10.53,70.5,70.5,5.108,96.7,13.52,0.012,190,"1,023.125",168.1735,-57.36175,32.4925,13.47908,286.6291,325.3461,415.2003,854.9512,-89.85425,0.163943,765.097,16.85,12.31,0,0.272,0.057,17.39,103.0042,"1,020.425",0.36,2.122,0.87,151.3446,26.66161,3.446599,4.410899,0.326
2016-07-18 11:45,11.75,15452,10.86,69.01,69.01,3.737,98.3,14.74,0.014,185,"1,040.658",169.447,-59.94773,37.01867,14.42655,287.5765,327.8468,424.8132,871.2109,-96.96639,0.1622727,774.2445,17.94,12.73,0,0.272,0.057,18.96,126.5718,"1,020.609",0.408,2.626,1.088,164.8873,28.88058,4.104439,4.801129,0.392
2016-07-18 12:00,12,15453,10.76,67.05,67.05,3.694,90.9,19.8,0.011,193,944.1231,151.068,-63.38914,35.40664,14.64788,287.7979,325.5977,424.3934,793.0551,-98.79578,0.1587234,694.2592,17.97,13.01,0,0.273,0.058,19.63,131.5092,"1,020.477",0.301,2.202,0.91,255.4663,43.93931,9.503373,7.290896,0.219
2016-07-18 12:15,12.25,15454,11.36,66.46,66.46,3.856,90.4,17.72,0.011,177,"1,060.431",170.4098,-75.40192,40.98452,14.98821,288.1382,315.4286,431.815,890.0212,-116.3864,0.160427,773.6347,19.36,13.39,0,0.273,0.059,20.69,148.8315,"1,020.43",0.344,2.535,0.967,133.2427,22.5029,4.030107,2.844327,0.255
2016-07-18 12:30,12.5,15455,12.03,64.97,64.97,3.749,109.2,18.86,0.013,179,"1,025.173",163.577,-71.81055,39.29086,16.07109,289.2211,324.9313,436.0327,861.5963,-111.1014,0.1571662,750.4948,18.93,14.75,0,0.273,0.06,21.79,157.0892,"1,020.422",0.468,2.73,0.898,290.0073,49.52913,7.562602,10.13215,0.408
2016-07-18 12:45,12.75,15456,11.82,64.72,64.72,4.42,108.8,15.08,0.015,185,"1,030.535",164.5222,-74.47637,39.07037,15.31285,288.4628,318.1173,431.6641,866.0124,-113.5467,0.1585721,752.4657,18.55,14.78,0,0.273,0.061,21.51,133.0424,"1,020.375",0.359,2.801,0.808,248.2328,41.79265,2.45232,6.575548,0.156
2016-07-18 13:00,13,15457,11.95,64.39,64.39,3.606,108.1,15.67,0.015,180,"1,002.483",159.7598,-71.16252,41.69163,15.67781,288.8278,323.4223,436.2764,842.7227,-112.8541,0.1572229,729.8687,19.25,15.41,0,0.273,0.061,22.12,145.6926,"1,020.45",0.328,2.769,0.848,296.8771,50.42401,5.884141,8.779758,0.204
2016-07-18 13:15,13.25,15458,11.57,62.93,62.93,3.299,118.1,18.37,0.016,189,876.6106,137.6945,-64.37655,39.20069,15.63111,288.7811,329.9593,433.5366,738.9161,-103.5772,0.1542037,635.3389,18.16,14.77,0,0.273,0.062,22.18,125.2497,"1,020.449",0.336,2.051,1.267,369.2937,61.8444,7.759893,13.57203,0.512
2016-07-18 13:30,13.5,15459,12.41,61.18,61.18,3.905,105.5,18.69,0.01,188,"1,129.108",181.462,-73.7317,47.86577,16.31277,289.4628,324.3361,445.9336,947.646,-121.5975,0.1604533,826.0485,20.66,16.7,0,0.274,0.063,23.43,155.9727,"1,020.29",0.303,2.909,0.941,149.106,25.31573,5.148099,3.264705,0.318
2016-07-18 13:45,13.75,15460,12.59,58.79,58.79,4.388,107.3,18.48,0.014,189,"1,145.99",183.697,-77.20556,48.18873,16.68354,289.8335,322.903,448.2973,962.2935,-125.3943,0.1599215,836.8991,20.87,15.12,0,0.274,0.064,24.18,161.2018,"1,020.323",0.34,2.607,0.991,152.207,25.80783,4.198611,4.665324,0.088
2016-07-18 14:00,14,15461,12.73,57.09,57.09,4.401,111.8,16.66,0.013,176,981.4069,156.3379,-68.27091,44.63021,16.52184,289.6718,330.946,443.8471,825.0689,-112.9011,0.1574773,712.1678,19.99,15.79,0,0.274,0.065,24.37,137.1855,"1,020.274",0.265,3.48,1.032,318.3862,54.2496,1.902322,7.795571,0.157
2016-07-18 14:15,14.25,15462,13.15,55.58,55.58,2.31,113.1,41.33,0.017,185,991.4448,159.754,-68.22881,48.44078,17.03898,290.189,333.8579,450.5275,831.6908,-116.6696,0.159838,715.0212,21.31,17.91,0,0.274,0.065,24.77,145.4465,"1,020.271",0.51,2.49,1.695,281.6734,48.42421,6.772048,9.848841,0.65
2016-07-18 14:30,14.5,15463,12.93,54.62,54.62,3.254,91.3,25.12,0.012,185,452.8276,67.90424,-74.46102,23.09468,16.72419,289.8742,325.9024,423.4581,384.9233,-97.55569,0.1479246,287.3677,17.71,15.38,0,0.274,0.066,23.45,94.31681,"1,020.187",0.345,1.89,0.84,234.3517,37.9631,7.678216,9.5018,1.035
2016-07-18 14:45,14.75,15464,13.2,51.21,51.21,3.044,135.1,31.27,0.012,176,658.5281,107.4118,-67.83403,31.29203,15.65866,288.8086,326.6579,425.7839,551.1163,-99.12606,0.1589474,451.9902,17.94,15.54,0,0.274,0.066,22.78,78.45374,"1,020.151",0.554,3.83,1.369,412.811,70.59148,7.323785,15.91389,0.676
2016-07-18 15:00,15,15465,12.65,52.26,52.26,2.576,115.3,60.53,0.011,172,247.2639,38.44437,-57.37619,11.53433,14.7697,287.9197,332.2754,401.1859,208.8196,-68.91052,0.1549505,139.9091,14.86,13.63,0,0.274,0.067,20.57,19.66385,"1,020.116",0.155,1.318,0.952,28.027,5.429168,4.076344,1.320194,0.501
2016-07-18 15:15,15.25,15466,13.08,51.27,51.27,3.215,100.5,29.74,0.011,172,482.834,79.94284,-64.85931,20.62837,14.55901,287.709,323.6514,409.1391,402.8912,-85.48767,0.1636412,317.4035,17.02,15.2,0,0.274,0.067,19.98,43.29109,"1,020.043",0.343,1.994,1.598,324.5155,55.93373,9.211248,11.21629,0.444
2016-07-18 15:30,15.5,15467,13.59,48.91,48.91,2.813,136.9,40.77,0.012,180,643.6544,106.411,-76.06116,28.43707,15.37959,288.5296,316.9058,421.404,537.2433,-104.4982,0.162613,432.7451,18.41,16.11,0,0.273,0.067,20.57,69.98032,"1,020.092",0.391,2.296,1.004,357.7549,61.96381,5.027851,12.18009,0.608
2016-07-18 15:45,15.75,15468,13.73,47.94,47.94,3.213,111.7,23.43,0.011,172,609.7065,99.10467,-79.91656,24.59205,16.66479,289.8148,320.093,424.6016,510.6018,-104.5086,0.1588625,406.0932,19.13,16.31,0,0.273,0.067,21.35,96.49794,"1,020.006",0.431,1.816,0.984,321.3037,56.16375,3.730286,12.0512,0.41
2016-07-18 16:00,16,15469,14.01,46.87,46.87,3.516,114,24.49,0.011,181,732.7054,122.1653,-80.21609,28.82294,16.38798,289.538,318.2658,427.3049,610.5401,-109.039,0.1638849,501.5011,19.82,16.87,0,0.273,0.067,21.62,97.25729,"1,019.999",0.343,2.555,0.727,314.329,55.58771,6.366006,9.502654,0.334
2016-07-18 16:15,16.25,15470,13.99,45.46,45.46,4.053,115.7,20.55,0.013,176,846.3483,142.4044,-83.9283,31.65535,16.96348,290.1135,317.7316,433.3152,703.9439,-115.5836,0.1663173,588.3602,20.71,16.96,0,0.273,0.067,22.5,117.0104,"1,019.717",0.266,1.895,1.403,258.8296,46.08389,2.935296,9.751856,0.353
2016-07-18 16:30,16.5,15471,13.63,44.89,44.89,4.792,106.2,26.97,0.012,176,467.8575,77.09062,-75.64697,15.67948,15.626,288.776,318.6628,409.9893,390.7668,-91.32645,0.1568915,299.4404,17.29,15.34,0,0.273,0.068,20.95,54.01447,"1,019.752",0.239,1.847,1.34,323.9536,59.09339,9.491995,10.46314,0.571
2016-07-18 16:45,16.75,15472,13.86,43.26,43.26,4.789,91.2,17.17,0.011,185,499.499,84.47315,-79.90873,16.68762,15.49012,288.6401,313.6537,410.25,415.0258,-96.59635,0.164165,318.4294,17.97,16.04,0,0.273,0.068,20.25,58.42878,"1,019.677",0.26,2.032,1.528,293.8482,53.66939,4.007211,9.967294,0.352
2016-07-18 17:00,17,15473,13.9,42.87,42.87,2.881,106.7,36.03,0.013,180,419.3575,72.32425,-82.31223,14.11568,15.15656,288.3065,309.4333,405.8611,347.0333,-96.42789,0.164829,250.6054,17.49,15.57,0,0.272,0.067,19.27,43.99892,"1,019.482",0.287,2.607,1.538,317.1371,58.14376,6.237456,12.38592,0.306
2016-07-18 17:15,17.25,15474,14.44,39.5,39.5,3.073,162.4,53.39,0.012,185,556.4039,98.18896,-85.57372,19.62926,16.04403,289.194,311.0178,416.2207,458.2149,-105.203,0.1711932,353.0119,18.44,16.56,0,0.272,0.067,19.67,63.59969,"1,019.686",0.333,1.614,2.542,281.1926,53.06466,4.317433,10.59356,0.316
2016-07-18 17:30,17.5,15475,14.2,39.28,39.28,3.658,113.2,27.55,0.01,179,361.347,62.56689,-85.4675,7.08583,15.85345,289.0034,310.0831,402.6364,298.7801,-92.55333,0.1696631,206.2268,16.7,15.53,0,0.272,0.068,18.87,40.69891,"1,019.562",0.283,1.695,1.772,155.8683,29.58341,6.697492,5.315813,0.471
2016-07-18 17:45,17.75,15476,14.43,39.73,39.73,3.972,126.2,35.09,0.01,172,382.3049,66.52823,-81.40551,8.868109,15.75593,288.9059,313.6059,403.8795,315.7767,-90.27362,0.1736396,225.5031,16.95,15.64,0,0.271,0.067,18.45,32.10702,"1,019.328",0.101,2.313,1.995,48.25419,9.56784,2.617223,4.145603,0.161
2016-07-18 18:00,18,15477,14.31,39.68,39.68,3.569,116.4,35.78,0.009,168,316.0742,54.90704,-73.7143,5.360034,15.29146,288.4414,318.7623,397.8366,261.1672,-79.07433,0.1737423,182.0928,15.97,15.18,0,0.271,0.068,17.72,10.60611,"1,019.369",0.099,1.995,1.638,17.91607,2.965915,1.198769,0.8793407,0.037
2016-07-18 18:15,18.25,15478,14.18,40.84,40.84,3.557,124,32.46,0.01,168,263.4256,45.44484,-70.3606,3.281381,15.05731,288.2073,320.8434,394.4854,217.9808,-73.64198,0.1725011,144.3388,15.37,14.79,0,0.271,0.067,17.13,6.297605,"1,019.333",0.132,2.873,1.567,17.13581,3.022394,1.570545,1.112727,0.1
2016-07-18 18:30,18.5,15479,14,41.07,41.07,4.124,111.7,26.22,0.01,172,203.6371,34.98393,-60.51157,0.4224725,14.62815,287.7781,328.3678,389.3018,168.6532,-60.93404,0.1717987,107.7191,14.64,14.4,0,0.271,0.067,16.42,-3.052168,"1,019.222",0.06,2.036,1.258,14.7187,2.526047,2.224924,1.046766,0.138
2016-07-18 18:45,18.75,15480,13.73,42.85,42.85,5.326,119.6,26.32,0.009,185,141.3264,24.34153,-46.69112,-2.094691,14.22354,287.3735,340.006,384.6024,116.9849,-44.59643,0.171734,72.38845,14.02,13.94,0,0.27,0.067,15.67,-14.97928,"1,018.71",0.398,4.388,2.74,27.54016,4.999963,6.458128,0.9493147,0.164
2016-07-18 19:00,19,15481,11.69,60.81,60.81,5.359,119.1,32.43,0.01,181,91.54221,14.66046,-34.80125,-0.6663421,12.44521,285.5952,342.4203,376.5552,76.88176,-34.13491,0.1600499,42.74685,12.03,11.89,0,0.27,0.066,14.79,-23.9238,"1,019.234",0.324,2.442,2.895,3.562918,0.9378224,1.381475,2.269569,0.555
2016-07-18 19:15,19.25,15482,12.42,50.15,50.15,5.505,294.9,38.03,0.008,185,86.29874,16.74719,-64.71819,-2.158602,11.99255,285.1425,310.1103,372.6698,69.55155,-62.55959,0.1949091,6.991961,12.22,12.51,0,0.27,0.066,14.08,-27.28234,"1,018.617",0.476,4.657,3.476,13.19929,2.259969,15.20644,3.827497,0.211
2016-07-18 19:30,19.5,15483,12.93,46.9,46.9,5.329,267.4,17.32,0.009,194,185.1559,38.59213,-83.44198,-3.463469,12.61497,285.765,294.671,374.6495,146.5638,-79.97851,0.1998853,66.58532,13.85,13.43,0,0.269,0.066,13.37,-25.25271,"1,018.234",0.32,0.982,2.29,118.9976,26.81642,2.517353,4.744139,0.287
2016-07-18 19:45,19.75,15484,13.37,43.56,43.56,4.742,264.1,17.75,0.008,185,281.9826,58.03231,-79.5893,0.197655,13.82253,286.9725,304.954,384.7409,223.9503,-79.78695,0.2037464,144.1633,15.45,14.11,0,0.268,0.065,13.66,18.09751,"1,018.475",0.158,1.348,1.927,76.12563,17.87997,1.910292,3.10377,0.169
2016-07-18 20:00,20,15485,12.92,45.01,45.01,6.148,269.4,19.12,0.008,181,137.3184,26.52562,-74.45398,-5.572527,13.18049,286.3305,306.6599,375.5413,110.7928,-68.88145,0.1929095,41.91133,13.22,13.07,0,0.268,0.065,13.35,-1.855502,"1,018.745",0.08,0.71,2,17.8142,3.715782,1.572458,0.4452615,0.206
2016-07-18 20:15,20.25,15486,12.75,45.72,45.72,2.641,273.6,75.74,0.01,169,98.48243,18.78919,-67.11932,-6.131435,12.73034,285.8803,311.6025,372.5904,79.69325,-60.98787,0.190841,18.70537,12.46,12.78,0,0.268,0.064,13.02,-10.51151,"1,019.618",0.038,0.904,2.236,14.91083,2.80732,4.39138,0.18953,0.081
2016-07-18 20:30,20.5,15487,12.39,48.49,48.49,2.074,134.8,53.48,0.009,173,55.21246,10.69446,-63.44515,-7.741637,12.30759,285.4576,313.0421,368.7457,44.51799,-55.70351,0.1939292,-11.18552,11.67,12.22,0,0.268,0.064,12.65,-17.33035,"1,019.504",0.19,2.193,1.376,8.989128,1.65834,1.230302,0.5409734,0.172
2016-07-18 20:45,20.75,15488,12.07,48.92,48.92,1.212,246.2,49.85,0.008,170,50.36755,10.33575,-57.90735,-6.884429,11.75241,284.9024,315.6591,366.682,40.03179,-51.02292,0.2052547,-10.99113,11.42,11.95,0,0.267,0.063,12.3,-20.71446,"1,019.392",0.131,1.207,0.718,2.573078,0.5352885,3.068127,0.5201419,0.103
2016-07-18 21:00,21,15489,12.12,47.12,47.12,2.645,286.8,28.79,0.008,172,32.97177,7.217432,-46.97811,-7.345639,11.71187,284.8618,326.3755,366.008,25.75434,-39.63247,0.2204665,-13.87813,11.14,11.91,0,0.267,0.063,11.98,-20.93325,"1,019.361",0.094,1.078,0.993,9.341104,1.87068,2.746277,0.7801293,0.049
2016-07-18 21:15,21.25,15490,11.82,49.82,49.82,1.647,197.3,37.47,0.009,174,14.68323,3.766152,-42.6274,-7.967808,11.46337,284.6133,329.4254,364.0849,10.91708,-34.65959,0.2576369,-23.74252,10.94,11.61,0,0.266,0.063,11.7,-24.10117,"1,019.168",0.079,1.038,0.654,1.039002,0.2543582,2.504407,0.2312621,0.1
2016-07-18 21:30,21.5,15491,11.77,51,51,1.133,155.8,23.17,0.008,185,0.7331753,3.022342,-25.829,-5.95843,10.93475,284.0847,343.4712,363.3417,-2.289167,-19.87057,-0.06838387,-22.15974,9.77,11.5,0,0.266,0.063,11.44,-23.40953,"1,019.65",0.328,4.376,1.048,6.509347,0.6271966,8.071234,1.462654,0.386
2016-07-18 21:45,21.75,15492,9.48,71.31,71.31,3.753,125.3,20.1,0.007,189,-6.298851,2.630351,-13.53739,-0.9544092,8.945312,282.0953,345.5288,358.1118,-8.929202,-12.58298,-0.4169966,-21.51218,8.6,9.01,0,0.266,0.062,11,-32.81284,"1,020.134",0.573,5.058,1.148,1.063804,0.6893646,1.713383,1.223309,0.497
2016-07-18 22:00,22,15493,9.13,72.59,72.59,4.458,142.2,31.84,0.008,186,-4.778245,4.438005,-8.543932,1.124512,8.080478,281.2305,346.1361,355.8045,-9.21625,-9.668446,-0.8804975,-18.8847,7.712,7.945,1.2,0.266,0.062,10.47,-43.46734,"1,020.429",1.155,10.34,2.786,0.8638065,2.26319,1.512279,1.403272,0.355
2016-07-18 22:15,22.25,15494,8.14,78.12,78.12,4.801,135.9,17.05,0.009,191,-2.641083,4.807803,-8.528631,2.853498,7.103518,280.2535,341.2452,352.6274,-7.448885,-11.38213,-2.298769,-18.83101,6.553,6.253,0.2,0.267,0.062,10,-49.20357,"1,020.254",0.399,4.689,1.385,0.9337426,1.191567,0.7696639,0.4665518,0.048
2016-07-18 22:30,22.5,15495,8.5,72.11,72.11,1.609,100.8,75.32,0.006,174,-1.787405,5.682236,-19.07425,2.52908,6.871762,280.0218,329.5443,351.1476,-7.469641,-21.60333,-3.321866,-29.07297,6.109,5.896,0.2,0.269,0.062,9.72,-43.38676,"1,019.282",0.077,1.351,1.029,0.3396662,0.6179183,7.670219,0.4459365,0.099
2016-07-18 22:45,22.75,15496,8.97,66.06,66.06,1.402,203.5,70.18,0.007,174,-2.399506,6.7556,-49.14242,-0.3524316,6.7865,279.9365,299.0515,347.8415,-9.155107,-48.78999,-2.940803,-57.9451,5.733,7.468,0,0.269,0.062,9.39,-48.06006,"1,019.176",0.486,5.541,0.948,0.3771464,0.6257218,6.400643,1.28526,0.044
2016-07-18 23:00,23,15497,9.78,57.58,57.58,1.823,169.8,45.28,0.005,178,-2.203112,7.712677,-66.71682,-4.146007,7.141293,280.2913,283.2465,345.8174,-9.915788,-62.57081,-4.546445,-72.4866,5.449,9.12,0,0.269,0.061,8.91,-52.27399,"1,019.149",0.228,1.812,1.574,0.9177724,1.204487,3.953101,2.161215,0.184
2016-07-18 23:15,23.25,15498,8.64,68.01,68.01,2.752,103.9,20.77,0.004,169,-2.24227,5.350482,-69.84233,-5.387311,7.015206,280.1652,279.4909,343.9459,-7.592752,-64.45502,-2.5603,-72.04778,5.791,8.04,0,0.269,0.061,8.49,-52.35754,"1,019.427",0.354,3.366,1.35,0.6138995,0.4541336,0.7072813,0.7721724,0.041
2016-07-18 23:30,23.5,15499,8.61,67.75,67.75,2.704,140,24.3,0.006,178,-1.639755,4.852589,-65.10333,-4.599457,6.998259,280.1483,284.1454,344.6493,-6.492344,-60.50387,-3.300871,-66.99622,7.26,8.38,0,0.269,0.061,8.23,-49.31618,"1,019.589",0.204,1.993,0.857,0.4602827,0.250734,2.956167,0.3790147,0.057
2016-07-18 23:45,23.75,15500,9.16,62.91,62.91,4.352,129,14.94,0.006,176,-0.07647086,5.091685,-48.81898,-5.171857,7.56779,280.7178,303.2805,346.9277,-5.168156,-43.64712,NAN,-48.81528,7.807,8.87,0,0.269,0.06,8.13,-43.98875,"1,019.666",0.175,1.587,1.649,0.4307813,0.6082547,5.166869,0.6925071,0.286
2016-07-19 00:00,0,15501,9.05,64.77,64.77,4.488,127.6,14.04,0.007,181,-0.4481073,3.222069,-43.52135,-6.618296,8.14216,281.2921,311.4668,348.3699,-3.670176,-36.90305,INF,-40.57323,7.915,8.78,0,0.269,0.06,8.11,-38.88279,"1,019.425",0.391,3.288,1.832,0.7220299,0.9113073,5.442019,0.820035,0.105
2016-07-19 00:15,0.25,15502,9.29,62.1,62.1,2.485,135.2,28.08,0.007,186,-2.384937,3.664382,-71.01797,-8.941848,7.950277,281.1003,283.0027,345.0788,-6.049319,-62.07612,-1.899814,-68.12544,7.542,8.84,0,0.268,0.06,7.904,-40.90734,"1,019.26",0.291,2.332,1.756,0.8560448,0.8047886,4.305838,1.418995,0.117
2016-07-19 00:30,1,15503,9.09,63.06,63.06,2.931,137.8,24.26,0.006,185,-2.839727,3.311273,-78.10712,-9.838816,7.89198,281.042,275.6198,343.8881,-6.150999,-68.2683,-1.353605,-74.4193,7.499,8.7,0,0.268,0.06,7.652,-43.77267,"1,019.1",0.271,1.705,1.164,0.7376605,0.7222288,1.169298,0.9318746,0.096
2016-07-19 00:45,1,15504,8.47,66.53,66.53,3.144,135.5,16.28,0.008,185,-3.281595,2.877445,-78.17036,-9.351138,7.461174,280.6111,273.3925,342.2118,-6.15904,-68.81921,-0.9282345,-74.97826,7.005,8.1,0,0.268,0.059,7.393,-44.31697,"1,019.102",0.279,2.211,0.987,0.5065222,0.6005523,0.5775658,0.5660558,0.079
2016-07-19 01:00,1,15505,8.72,63.6,63.6,2.277,108.8,34.47,0.006,177,-2.903551,3.41919,-77.19965,-10.19342,7.434908,280.5849,274.2316,341.2378,-6.322741,-67.00623,-1.222346,-73.32898,6.896,8.2,0,0.268,0.059,7.164,-43.29558,"1,019.304",0.155,1.274,1.338,0.4130756,0.4243189,0.6947761,1.01634,0.048
2016-07-19 01:15,1,15506,9.07,60.33,60.33,0.659,21.93,85,0.008,187,-2.346635,3.542937,-70.27953,-11.13141,7.206507,280.3565,280.0088,339.157,-5.889573,-59.14812,-1.947024,-65.0377,6.656,8.48,0,0.268,0.058,7.046,-43.05331,"1,018.834",0.242,1.591,0.475,0.798526,0.8028367,3.305114,0.6364365,0.071
2016-07-19 01:30,1,15507,9.62,56.94,56.94,1.331,161.5,75.84,0.007,178,-0.5958311,4.148338,-55.97443,-9.893235,7.5941,280.7441,296.2568,342.338,-4.744169,-46.08119,-12.53542,-50.82536,7.733,9.15,0,0.267,0.058,6.969,-40.27776,"1,018.799",0.213,1.284,1.131,0.509644,0.7997246,3.252989,0.9414697,0.264
2016-07-19 01:45,1,15508,9.51,57.57,57.57,1.931,173.4,48.27,0.006,181,-1.770056,3.403777,-63.40994,-11.20648,7.987042,281.137,290.7959,342.9994,-5.173833,-52.20346,-2.057443,-57.37729,7.812,9.1,0,0.267,0.058,6.901,-37.14061,"1,018.835",0.255,1.292,0.896,0.3385289,0.6037102,4.690023,0.6358767,0.118
2016-07-19 02:00,1,15509,9.04,60.78,60.78,1.718,239.2,51.24,0.007,181,-3.417987,2.337469,-74.96112,-13.32956,7.922027,281.072,278.9174,340.549,-5.755456,-61.63156,-0.7430305,-67.38701,7.126,8.49,0,0.267,0.058,6.752,-38.79501,"1,018.95",0.26,1.575,1.099,0.6829431,0.6096988,0.9088774,1.066106,0.148
2016-07-19 02:15,1,15510,8.96,59.53,59.53,1.875,101.4,20.05,0.006,186,-3.237135,3.00151,-75.97963,-13.58542,7.635027,280.785,276.4553,338.8495,-6.238645,-62.39421,-0.9543447,-68.63286,6.608,8.2,0,0.266,0.058,6.586,-40.04039,"1,018.95",0.308,1.342,0.717,0.3288074,0.5430309,0.9954625,0.6650438,0.064
2016-07-19 02:30,1,15511,8.74,59.49,59.49,0.786,159.4,37.36,0.006,187,-2.689663,2.584329,-64.10139,-12.65839,7.2312,280.3812,286.3107,337.7537,-5.273993,-51.44299,-1.289175,-56.71698,7.002,8.35,0,0.266,0.057,6.422,-39.31807,"1,018.755",0.246,1.39,0.608,1.066328,0.5222591,5.796486,1.394065,0.124
2016-07-19 02:45,1,15512,8.95,60.1,60.1,1.175,228.4,25.79,0.008,183,-1.014311,3.265074,-49.71408,-11.05305,7.355151,280.5052,301.3177,339.9788,-4.279385,-38.66103,-3.494601,-42.94041,7.302,8.6,0,0.266,0.057,6.416,-35.58587,"1,018.522",0.082,0.852,0.444,0.24758,0.6809846,2.174293,0.4197818,0.067
2016-07-19 03:00,1,15513,9,59.45,59.45,1.058,265.3,77.6,0.008,177,-1.858992,2.772462,-64.86475,-12.3509,7.435403,280.5854,286.5689,339.0827,-4.631454,-52.51385,-1.658658,-57.1453,6.665,8.43,0,0.266,0.057,6.363,-35.96714,"1,018.444",0.21,1.688,0.673,0.6993241,0.598718,5.750012,0.578159,0.032
2016-07-19 03:15,1,15514,9.43,55.81,55.81,3.008,140.7,18.97,0.008,186,-2.401043,3.623309,-77.2083,-12.89372,7.850373,281.0003,276.3105,340.6251,-6.024353,-64.31458,-1.60371,-70.33894,7.576,9.05,0,0.265,0.056,6.234,-36.38684,"1,018.366",0.092,0.702,1.108,0.4883668,0.4587759,4.711247,0.746502,0.242
2016-07-19 03:30,1,15515,9.39,55.91,55.91,1.058,128.6,49.05,0.006,182,-4.309862,2.493704,-83.48119,-16.83624,7.970229,281.1202,270.6411,337.286,-6.803566,-66.64494,-0.6177332,-73.44851,7.333,8.71,0,0.265,0.056,6.055,-36.35317,"1,018.362",0.196,0.958,1.243,0.8315606,0.3782002,0.4573779,1.866411,0.238
2016-07-19 03:45,1,15516,9.24,56.85,56.85,0.992,173.1,44.09,0.005,181,-3.294494,3.394645,-79.46014,-15.28382,7.377481,280.5275,271.6836,335.8599,-6.68914,-64.17632,-1.095086,-70.86546,7.123,8.75,0,0.265,0.056,5.787,-40.05626,"1,018.363",0.111,0.525,0.897,0.6455532,0.4202921,2.626754,0.9739377,0.086
2016-07-19 04:00,1,15517,9.15,58.15,58.15,2.918,124.9,22.3,0.008,189,-2.683247,3.366503,-74.03293,-13.49802,7.755597,280.9056,279.0083,339.5432,-6.049749,-60.53491,-1.331202,-66.58466,7.374,8.74,0,0.265,0.056,5.769,-35.06544,"1,018.443",0.206,1.071,1.12,0.4440498,0.6893696,1.540058,0.7123138,0.165
2016-07-19 04:15,1,15518,8.91,59.59,59.59,1.638,108.1,52.52,0.01,189,-2.884771,2.066272,-66.1418,-14.47706,7.841691,280.9917,287.3318,338.9966,-4.951043,-51.66474,-0.7304556,-56.61578,6.953,8.41,0,0.265,0.056,5.766,-31.31038,"1,018.364",0.189,0.97,0.746,0.4181845,0.4843185,5.800759,0.889658,0.063
2016-07-19 04:30,1,15519,9.14,59.44,59.44,0.87,283.2,74.56,0.008,186,-1.65075,1.974773,-53.36405,-12.69108,7.874999,281.025,300.2773,340.9503,-3.625523,-40.67297,-1.542271,-44.29849,7.469,8.7,0,0.264,0.055,5.86,-27.64196,"1,018.361",0.16,1.151,0.883,0.6840026,0.4195843,8.210017,0.8873648,0.092
2016-07-19 04:45,1,15520,8.51,63.96,63.96,0.587,133.4,66.28,0.006,186,-3.236707,1.525069,-61.17473,-13.48129,7.495833,280.6458,290.5627,338.2562,-4.761776,-47.69344,-0.4935799,-52.45522,6.686,8,0,0.264,0.055,5.806,-28.73972,"1,018.32",0.099,1.035,0.575,0.411826,0.4419601,5.962944,1.159803,0.192
2016-07-19 05:00,5,15521,8.65,63.93,63.93,1.845,43.03,65.08,0.009,185,-0.5345519,1.991927,-36.01152,-10.01781,7.537936,280.6879,315.9369,341.9305,-2.526479,-25.99371,-3.625175,-28.52019,7.007,8.32,0,0.264,0.055,5.908,-24.90004,"1,018.36",0.153,0.743,0.938,0.7281463,0.2882311,7.524682,0.7749503,0.172
2016-07-19 05:15,5.25,15522,8.75,64.26,64.26,2.341,123.4,63.79,0.009,190,-2.079918,1.386085,-51.42078,-11.55691,8.001066,281.151,302.8559,342.7198,-3.466003,-39.86387,-2.924052,-43.32988,7.438,8.39,0,0.264,0.055,6.016,-20.09568,"1,018.36",0.124,0.893,2.755,1.150073,0.4443019,9.167235,1.781165,0.134
2016-07-19 05:30,5.5,15523,8.35,67.06,67.06,1.506,339.6,42.47,0.009,189,-1.77824,0.9822633,-42.99834,-10.66752,7.676674,280.8267,309.6458,341.9765,-2.760503,-32.33081,-0.5824194,-35.09132,6.837,8.06,0,0.264,0.055,6.058,-21.30333,"1,018.315",0.176,1.239,0.821,0.2851571,0.2297019,3.510529,0.4721982,0.071
2016-07-19 05:45,5.75,15524,8.52,66.6,66.6,1.476,316,51.78,0.008,189,0.6237124,1.375585,-29.11733,-8.870866,7.737934,280.8879,323.8346,344.0811,-0.7518722,-20.24646,NAN,-20.99833,7.267,8.26,0,0.263,0.054,6.132,-18.60748,"1,018.433",0.082,0.915,0.926,1.022055,0.1780797,6.791489,0.3224358,0.086
2016-07-19 06:00,6,15525,8.47,67.05,67.05,2.074,334.7,91.1,0.01,189,6.308325,2.515592,-31.03394,-8.390253,7.934891,281.0849,322.9089,345.5526,3.792733,-22.64368,0.4066311,-18.85095,7.568,8.34,0,0.263,0.054,6.327,-14.56978,"1,018.393",0.088,0.615,1.313,1.064208,0.199884,7.758776,0.7127575,0.049
2016-07-19 06:15,6.25,15526,8.33,68.07,68.07,2.108,278.2,90.7,0.009,190,8.417727,2.610271,-42.35702,-8.968431,7.895184,281.0452,311.3859,344.7744,5.807455,-33.38859,0.3115726,-27.58113,7.538,8.18,0,0.263,0.054,6.354,-15.15835,"1,018.232",0.081,0.721,1.534,0.9176694,0.2193955,6.155721,0.4737297,0.058
2016-07-19 06:30,6.5,15527,8.23,67.91,67.91,1.659,272.9,93.1,0.009,190,18.59636,4.101718,-36.05486,-8.290438,7.837594,280.9876,317.3981,345.1625,14.49465,-27.76443,0.2252619,-13.26978,7.566,8.12,0,0.263,0.054,6.398,-14.68686,"1,018.43",0.191,1.868,1.343,5.215299,0.9675209,6.192536,0.7483564,0.043
2016-07-19 06:45,6.75,15528,8.18,67.91,67.91,1.709,267.5,86.2,0.009,185,33.38422,6.547228,-30.66637,-6.650528,7.822435,280.9724,322.7103,346.7262,26.837,-24.01584,0.1963727,2.821155,7.718,8.15,0,0.263,0.054,6.562,-10.5836,"1,018.27",0.093,1.278,1.453,6.572333,1.242242,4.63282,0.3156764,0.029
2016-07-19 07:00,7,15529,8.26,66.34,66.34,3.065,279.4,65.21,0.009,185,51.60244,9.786855,-31.66934,-6.459455,8.020489,281.1705,322.7048,347.9147,41.81559,-25.20988,0.1902407,16.6057,7.832,8.23,0,0.263,0.054,6.699,-8.446044,"1,018.267",0.07,1.032,2.019,8.814532,1.524672,5.288673,0.2090056,0.048
2016-07-19 07:15,7.25,15530,8.2,66.35,66.35,4.463,267.7,50.61,0.009,185,70.89005,12.95021,-40.5423,-6.588344,8.118273,281.2682,314.325,348.279,57.93983,-33.95396,0.1831353,23.98587,7.857,8.22,0,0.263,0.054,6.794,-7.374586,"1,018.385",0.058,0.96,2.709,12.37948,2.110166,7.42605,0.628608,0.022
2016-07-19 07:30,7.5,15531,8.2,66.75,66.75,1.984,168.2,97.4,0.009,185,106.7459,19.11003,-34.69172,-4.02369,8.245101,281.3951,320.8162,351.4842,87.6359,-30.66803,0.1790913,56.96788,8.3,8.41,0,0.262,0.054,7.14,-0.293409,"1,018.303",0.05,1.008,1.401,11.26686,1.967075,4.766246,0.536321,0.06
2016-07-19 07:45,7.75,15532,8.24,64.96,64.96,3.106,240.7,87.3,0.009,181,110.4145,19.8844,-32.83216,-4.178298,8.429778,281.5797,323.6099,352.2638,90.53011,-28.65386,0.1779818,61.87626,8.33,8.44,0,0.262,0.054,7.405,0.6442572,"1,018.421",0.103,1.395,1.906,34.0615,7.828498,5.715812,0.9038534,0.053
2016-07-19 08:00,8,15533,8.12,64.68,64.68,6.111,275.8,36.62,0.008,190,131.3759,23.30881,-37.14091,-4.11062,8.303288,281.4533,318.661,351.6913,108.067,-33.03029,0.1767602,75.03676,8.21,8.29,0,0.262,0.054,7.491,-1.897638,"1,018.259",0.038,1.122,3.419,26.98604,5.733149,5.721866,0.73137,0.021
2016-07-19 08:15,8.25,15534,8.22,63.77,63.77,4.615,259,54.92,0.009,189,197.3196,37.17683,-35.61954,-1.879072,8.540366,281.6903,321.383,355.1235,160.1428,-33.74046,0.1840405,126.4023,8.61,8.53,0,0.262,0.054,7.772,0.7215291,"1,018.493",0.064,0.998,2.844,80.98539,18.23668,4.508718,1.517988,0.101
2016-07-19 08:30,8.5,15535,8.21,63.81,63.81,3.898,260.6,63.99,0.009,185,168.0631,30.00001,-34.17828,-1.723213,8.584567,281.7346,323.0482,355.5033,138.0631,-32.45506,0.1761918,105.608,8.64,8.56,0,0.262,0.054,8.02,4.909031,"1,018.689",0.086,1.232,3.019,68.94481,14.71264,5.849812,1.441181,0.059
2016-07-19 08:45,8.75,15536,8.28,62.38,62.38,4.207,296.4,81.1,0.009,189,222.8985,40.44144,-43.30076,-0.3603027,8.753819,281.9038,314.7853,357.7258,182.457,-42.94045,0.1775284,139.5166,9.07,8.85,0,0.262,0.054,8.36,8.258295,"1,018.767",0.128,1.052,2.768,106.712,22.57681,7.945264,2.776195,0.138
2016-07-19 09:00,9,15537,8.36,62.48,62.48,5.573,269.7,41.34,0.009,189,258.1362,45.59349,-31.39398,1.324111,8.981176,282.1312,327.8486,360.5667,212.5427,-32.71809,0.1730902,179.8246,9.11,8.81,0,0.262,0.054,8.82,13.80726,"1,018.564",0.103,1.011,4.25,111.1351,23.28424,5.193645,2.186034,0.116
2016-07-19 09:15,9.25,15538,8.21,63.27,63.27,7.097,275.3,23.86,0.009,189,217.2883,37.55415,-28.21352,0.3325971,8.655594,281.8056,329.3733,357.9194,179.7341,-28.54612,0.1718233,151.188,8.78,8.54,0,0.262,0.054,8.8,8.349667,"1,018.638",0.036,0.797,2.996,74.72941,14.32752,3.590775,1.42471,0.035
2016-07-19 09:30,9.5,15539,8.28,64.41,64.41,7.724,273.8,23.37,0.009,181,367.5869,64.74977,-29.7217,4.50963,8.866459,282.0164,328.9372,363.1685,302.8372,-34.23133,0.1733826,268.6058,9.35,8.86,0,0.262,0.054,9.16,15.65704,"1,019.034",0.07,0.988,2.975,181.9144,35.0701,2.96259,3.08431,0.149
2016-07-19 09:45,9.75,15540,8.59,63.67,63.67,4.652,293.1,63.94,0.012,176,500.5955,89.3445,-33.81962,10.60228,9.53476,282.6848,328.2528,372.6747,411.251,-44.4219,0.1749829,366.8291,10.43,9.71,0,0.262,0.054,10.16,34.15016,"1,019.03",0.257,1.404,3.105,243.6625,47.14911,4.391382,6.286269,0.299
2016-07-19 10:00,10,15541,8.79,63.34,63.34,5.23,263.6,52.22,0.009,172,559.4434,99.15736,-50.60633,12.83431,10.35309,283.5031,315.6752,379.1158,460.2861,-63.44064,0.1735558,396.8454,11.24,10.12,0,0.262,0.054,11.53,50.2573,"1,019.063",0.215,1.386,3.074,245.6324,47.05993,8.774243,5.633165,0.157
2016-07-19 10:15,10.25,15542,8.81,62.69,62.69,8.25,277.1,18.93,0.008,185,732.1707,129.4129,-46.60322,17.91738,10.33747,283.4875,319.5976,384.1182,602.7578,-64.52059,0.1755148,538.2372,11.88,10.23,0,0.262,0.055,12.51,55.69022,"1,018.535",0.159,0.937,2.625,194.8743,36.84671,5.426954,3.548513,0.162
2016-07-19 10:30,10.5,15543,8.75,63.17,63.17,7.759,280.6,28.81,0.011,176,536.9337,93.6693,-37.24734,15.31223,9.856867,283.0069,326.4786,379.0382,443.2644,-52.55957,0.171948,390.7048,11.32,9.98,0,0.262,0.055,12.64,45.62506,"1,019.12",0.36,1.047,3.323,252.7616,47.05439,4.135428,7.748355,0.325
2016-07-19 10:45,10.75,15544,8.72,62.81,62.81,6.292,284.5,32.9,0.011,180,507.313,86.19366,-40.85736,14.46296,9.936388,283.0864,323.2751,378.5954,421.1193,-55.32032,0.1678992,365.799,11.27,9.87,0,0.262,0.055,12.74,41.91842,"1,019.195",0.172,1.04,3.014,231.5721,42.18833,4.260969,6.179965,0.119
2016-07-19 11:00,11,15545,9.43,61.05,61.05,4.44,262.4,62.12,0.011,181,836.0364,144.6175,-59.78369,27.13945,11.08064,284.2306,310.2871,397.2102,691.4188,-86.92313,0.171799,604.4957,13.55,11.05,0,0.262,0.056,14.38,56.35162,"1,019.234",0.445,2.173,2.4,270.3414,48.00942,9.737895,8.470146,0.753
2016-07-19 11:15,11.25,15546,9.35,60.67,60.67,6.429,271.3,33.65,0.01,172,813.7017,137.2865,-52.33924,27.16867,11.67576,284.8257,320.8371,400.345,676.4152,-79.5079,0.1660074,596.9072,13.81,10.58,0,0.262,0.056,15.7,72.48766,"1,019.301",0.377,1.323,3.025,282.7265,50.88571,6.735949,9.323755,0.66
2016-07-19 11:30,11.5,15547,8.91,61.59,61.59,5.851,276.5,29.67,0.009,172,367.5545,61.47746,-40.03391,13.38142,10.52837,283.6783,327.1621,380.5774,306.0771,-53.41534,0.1665143,252.6617,11.21,9.7,0,0.262,0.056,14.96,45.37824,"1,019.176",0.282,1.325,2.752,206.512,35.68603,4.636522,5.103462,0.557
2016-07-19 11:45,11.75,15548,9.55,61.11,61.11,4.484,285.1,46.2,0.01,176,703.2773,118.2626,-49.17926,26.96222,11.0453,284.1953,320.7069,396.8484,585.0147,-76.14148,0.1668541,508.8732,13.97,10.83,0,0.262,0.056,15.62,59.94652,"1,019.216",0.492,2.035,2.409,310.1871,54.09773,7.324885,10.13218,0.738
2016-07-19 12:00,12,15549,9.7,60.22,60.22,3.962,264.6,54.36,0.008,188,650.8593,108.1713,-51.86036,25.10054,11.54724,284.6972,320.633,397.5939,542.6879,-76.96091,0.1651172,465.7271,13.81,10.97,0,0.262,0.057,16.09,66.83116,"1,018.701",0.268,1.388,2.352,279.0224,48.06396,9.129376,7.495857,0.281
2016-07-19 12:15,12.25,15550,9.46,61.5,61.5,5.343,268.8,40.71,0.01,180,519.0964,85.86917,-43.14294,19.44651,11.03187,284.1819,326.6602,389.2497,433.2273,-62.58945,0.1646618,370.6378,12.34,10.42,0,0.263,0.057,15.85,52.64177,"1,019.568",0.278,1.51,2.771,206.748,35.35749,5.11337,5.657481,0.259
2016-07-19 12:30,12.5,15551,9.44,61.63,61.63,5.764,275.1,37.44,0.009,186,697.8011,115.9239,-58.39185,25.10898,11.03856,284.1885,311.446,394.9468,581.8772,-83.50083,0.1652538,498.3764,13.37,11.18,0,0.263,0.057,16.05,59.28757,"1,018.779",0.223,1.268,2.956,314.8336,53.6008,16.83129,9.838503,0.245
2016-07-19 12:45,12.75,15552,9.21,62.75,62.75,8.41,275.5,18.32,0.011,185,464.0201,76.5008,-47.54879,17.09652,10.66269,283.8127,320.3451,384.9904,387.5193,-64.64531,0.1645232,322.874,11.89,10.21,0.2,0.262,0.058,15.88,46.96045,"1,019.414",0.241,1.483,3.07,300.577,50.00223,13.57981,7.580001,0.617
2016-07-19 13:00,13,15553,9.1,63.49,63.49,9.7,272.8,17.8,0.009,177,628.708,105.9006,-47.19199,19.32264,9.904582,283.0546,316.7783,383.2929,522.8074,-66.51462,0.1682601,456.2928,12.1,10.37,0,0.262,0.058,15.13,35.86567,"1,019.024",0.117,1.196,2.969,354.6941,60.28373,12.37538,6.81778,0.257
2016-07-19 13:15,13.25,15554,9.7,62.02,62.02,8.59,271.9,21.9,0.01,188,752.952,125.7539,-56.9716,26.98679,10.98896,284.1389,312.6109,396.5693,627.1981,-83.9584,0.1665067,543.2397,13.8,11.43,0,0.262,0.058,16.31,75.98569,"1,019.266",0.347,1.095,3.507,351.9355,59.54527,9.998944,7.958959,0.404
2016-07-19 13:30,13.5,15555,9.7,60.14,60.14,9.32,276.4,15.47,0.011,179,557.7495,93.22526,-53.65059,18.88332,10.63323,283.7832,314.0806,386.6145,464.5242,-72.53391,0.1665458,391.9903,12.72,10.98,0,0.263,0.058,15.81,47.78746,"1,019.265",0.169,1.71,2.738,318.5472,54.09088,6.788389,7.148768,0.136
2016-07-19 13:45,13.75,15556,9.58,61.25,61.25,7.779,273.7,35.76,0.009,185,354.2287,60.23418,-36.36221,12.86231,10.11555,283.2655,328.6986,377.9231,293.9945,-49.22451,0.1710754,244.77,11.27,10.26,0,0.263,0.059,14.88,22.40842,"1,019.425",0.226,1.862,3.538,233.8291,38.86388,9.773495,6.559562,0.469
2016-07-19 14:00,14,15557,9.67,60.96,60.96,9.92,269.5,14.88,0.007,190,661.003,110.8469,-56.99458,20.63982,10.56087,283.7108,310.365,387.9994,550.1561,-77.6344,0.1661602,472.5218,12.87,10.96,0,0.262,0.059,15.35,50.21455,"1,018.517",0.144,0.917,2.256,400.7206,68.5783,12.17717,10.17792,0.369
2016-07-19 14:15,14.25,15558,9.73,61.61,61.61,9.22,271.1,16.18,0.01,185,361.0801,60.78755,-47.12424,10.5386,10.27861,283.4286,318.772,376.4349,300.2925,-57.66284,0.1683637,242.6297,11.55,10.5,0,0.262,0.059,14.39,11.45148,"1,018.995",0.093,0.795,2.468,247.3787,42.13696,8.367677,4.567432,0.09
2016-07-19 14:30,14.5,15559,10.06,61.14,61.14,10.82,279.3,12.96,0.008,189,589.0602,99.02125,-54.58905,18.51005,10.90927,284.0593,314.5756,387.6747,490.0389,-73.0991,0.1668263,416.9398,13.47,11.37,0,0.262,0.059,14.89,53.20635,"1,018.56",0.144,1.056,2.779,373.2088,64.13837,8.418665,9.462519,0.197
2016-07-19 14:45,14.75,15560,10.2,60.01,60.01,8.6,277.3,21.28,0.009,189,477.379,80.34954,-60.12011,14.3647,10.86143,284.0114,308.7959,383.2807,397.0295,-74.48482,0.1677455,322.5446,12.81,11.29,0,0.262,0.059,14.69,39.51548,"1,019.031",0.125,1.144,3.241,256.3236,44.21683,9.263235,5.270295,0.195
2016-07-19 15:00,15,15561,10.13,58.77,58.77,11.77,267.3,11.29,0.009,176,408.5247,68.3456,-67.9286,9.680694,10.7302,283.8802,300.3058,377.9151,340.179,-77.6093,0.1661993,262.5698,11.97,10.95,0,0.262,0.059,14.26,19.76219,"1,019.465",0.115,0.674,2.23,294.1182,50.63092,4.631153,5.865686,0.173
2016-07-19 15:15,15.25,15562,10.23,57.72,57.72,11.38,265.3,12.07,0.01,185,513.3348,86.68659,-73.48357,12.42973,10.91637,284.0663,295.7181,381.6314,426.6483,-85.9133,0.1669272,340.735,12.66,11.28,0,0.262,0.06,14.52,33.46124,"1,019.148",0.161,1.07,2.611,356.5497,61.7383,7.111884,7.675886,0.205
2016-07-19 15:30,15.5,15563,10.54,55.95,55.95,11.7,266.1,13.57,0.009,181,609.5123,103.1581,-75.53777,16.14067,11.29865,284.4486,295.6566,387.335,506.3542,-91.67843,0.1673413,414.6758,13.61,11.88,0,0.261,0.059,14.91,52.79367,"1,018.626",0.193,1.186,3.366,348.041,60.59671,7.429777,10.08274,0.297
2016-07-19 15:45,15.75,15564,10.62,55.76,55.76,10.47,263.4,16.42,0.007,185,362.1217,61.00224,-69.84624,8.917305,11.18685,284.3368,300.7633,379.5268,301.1195,-78.76355,0.1670481,222.3559,12.37,11.38,0,0.261,0.06,14.55,23.43788,"1,018.783",0.146,0.895,2.737,280.11,48.37769,8.410554,7.665665,0.177
2016-07-19 16:00,16,15565,10.81,52.92,52.92,10.52,262.2,13.87,0.007,185,372.8045,64.00698,-68.77883,7.051825,11.16107,284.311,301.6968,377.5274,308.7975,-75.83065,0.1702277,232.9669,12.46,11.56,0,0.261,0.059,13.86,12.01522,"1,018.782",0.162,0.911,3.259,271.862,47.74586,4.366896,6.184073,0.219
2016-07-19 16:15,16.25,15566,10.93,52.67,52.67,9.33,258.2,13.48,0.008,189,326.4203,56.18051,-65.20926,5.694145,11.3729,284.5229,306.3708,377.2742,270.2397,-70.9034,0.1706249,199.3363,12.32,11.59,0,0.261,0.059,13.73,12.31118,"1,019.61",0.155,0.666,2.908,240.9523,42.8557,5.331425,5.728976,0.128
2016-07-19 16:30,16.5,15567,11.16,52.26,52.26,9.12,268.9,11.94,0.006,176,385.4214,66.72269,-68.54666,8.250536,11.75871,284.9087,305.0538,381.851,318.6988,-76.7972,0.1696296,241.9016,13.3,12.05,0,0.261,0.059,13.93,35.99352,"1,018.819",0.135,0.886,2.547,309.4951,55.71067,6.840051,8.864572,0.219
2016-07-19 16:45,16.75,15568,11.5,50.43,50.43,6.873,258.4,35.7,0.01,182,425.1475,75.16332,-64.31367,9.61198,11.87564,285.0256,309.9059,383.8315,349.9842,-73.92565,0.1738205,276.0585,13.74,12.61,0,0.261,0.059,13.96,32.41855,"1,019.686",0.415,1.427,2.753,292.0921,53.82566,8.199924,9.402546,0.493
2016-07-19 17:00,17,15569,11.79,48.31,48.31,5.976,269.8,37.09,0.011,185,357.8572,61.98774,-70.67631,8.259021,12.79679,285.9468,308.4015,387.3368,295.8695,-78.93533,0.1687263,216.9342,14.13,12.84,0,0.26,0.059,14.45,52.3438,"1,019.203",0.345,0.996,3.315,244.9156,45.29854,9.386073,8.855146,0.374
2016-07-19 17:15,17.25,15570,11.72,47.44,47.44,9.23,274.7,16.4,0.008,181,357.7093,63.30696,-60.57838,6.638174,12.3329,285.4829,316.0444,383.2609,294.4023,-67.21656,0.1725326,227.1857,13.76,12.55,0,0.26,0.059,14.12,37.28329,"1,018.962",0.228,0.816,2.386,259.0559,48.74294,3.161031,8.516819,0.315
2016-07-19 17:30,17.5,15571,11.65,47.72,47.72,4.122,263.7,65.25,0.009,189,188.4329,32.7721,-54.8209,1.641409,11.92161,285.0716,319.6339,376.0962,155.6608,-56.46231,0.173944,99.1985,12.58,12.17,0,0.26,0.059,13.4,10.61851,"1,019.515",0.106,1.076,3.549,16.14846,2.776292,5.528427,1.75435,0.124
2016-07-19 17:45,17.75,15572,12.36,47.18,47.18,4.111,181.5,81,0.008,185,559.5441,104.1336,-70.31706,14.32173,13.22466,286.3747,311.0456,395.6844,455.4105,-84.63879,0.1830877,370.7717,16.53,14.3,0,0.26,0.059,14.23,62.08949,"1,019.314",0.409,1.578,2.666,239.2389,46.62434,13.21126,7.735708,0.729
2016-07-19 18:00,18,15573,12.06,46.29,46.29,5.362,246.2,51.49,0.008,181,266.8832,46.89889,-64.22433,2.869677,13.20436,286.3543,317.0291,384.1231,219.9844,-67.094,0.1701899,152.8904,13.94,12.75,0,0.26,0.059,14.14,50.50515,"1,019.506",0.383,1.307,2.703,179.7464,35.15947,12.75758,5.940285,0.7
2016-07-19 18:15,18.25,15574,11.82,48.3,48.3,3.247,173,89.7,0.009,168,219.1818,38.22621,-64.50748,1.999469,12.54018,285.6902,313.2085,379.7155,180.9556,-66.50696,0.1707719,114.4487,13.19,12.49,0,0.26,0.059,13.66,23.66211,"1,019.424",0.191,1.104,1.941,105.4374,20.91287,11.00791,4.418547,0.192
2016-07-19 18:30,18.5,15575,11.55,49.59,49.59,3.973,187.4,43.56,0.009,168,129.0052,21.99867,-49.01239,-2.021213,11.92013,285.0701,325.4346,372.4258,107.0065,-46.99118,0.1705427,60.01531,11.82,11.79,0,0.26,0.059,12.95,-0.201204,"1,019.349",0.032,0.841,2.347,13.92255,2.368678,7.383028,0.3328977,0.117
2016-07-19 18:45,18.75,15576,11.5,49.77,49.77,2.976,161.4,61.49,0.009,176,139.6516,23.94614,-52.09091,-1.748888,11.78395,284.9339,321.6407,371.9827,115.7055,-50.34203,0.1711185,65.36344,11.88,11.77,0,0.259,0.059,12.49,-1.140459,"1,019.233",0.037,0.776,1.172,22.6213,4.18247,2.537347,0.8883334,0.032
2016-07-19 19:00,19,15577,11.37,49.82,49.82,2.568,261.5,90.6,0.009,185,77.02779,13.48228,-37.25042,-3.631085,11.57402,284.724,335.3811,369.0004,63.54551,-33.61933,0.1756483,29.92618,11.33,11.51,0,0.259,0.059,12.06,-6.38241,"1,019.24",0.042,0.656,1.921,13.30808,2.065689,8.171367,0.4394644,0.076
2016-07-19 19:15,19.25,15578,10.8,53.39,53.39,5.065,269.2,63.21,0.008,185,81.04598,16.37309,-29.56289,-2.438847,10.40023,283.5502,336.9779,364.102,64.67289,-27.12404,0.2004127,37.54885,9.65,10.54,0,0.259,0.059,11.5,-14.27928,"1,018.851",0.417,2.77,3.494,14.30962,3.694133,4.563187,1.347938,0.772
2016-07-19 19:30,19.5,15579,10.69,53.05,53.05,7.634,271.7,9.49,0.009,181,120.5701,24.03452,-63.73464,-5.760086,9.979731,283.1297,300.6243,358.5988,96.53552,-57.97455,0.1992297,38.56097,10.18,10.69,0,0.259,0.059,10.8,-25.66733,"1,019.064",0.14,1.323,1.607,16.10341,3.433015,11.55963,1.91266,0.372
2016-07-19 19:45,19.75,15580,10.86,51.92,51.92,4.978,271.9,51.49,0.008,186,79.2504,14.67756,-57.71959,-7.827472,10.55865,283.7086,309.6248,359.5169,64.57285,-49.89212,0.1853403,14.68073,10.41,10.85,0,0.259,0.058,10.43,-23.95727,"1,019.152",0.072,1.081,2.381,10.54981,1.901053,8.225722,0.7788826,0.067
2016-07-19 20:00,20,15581,10.99,50.39,50.39,2.746,159.4,88.5,0.008,185,65.16505,12.20996,-36.15582,-6.37739,10.75996,283.9099,332.2323,362.0107,52.95508,-29.77843,0.1899343,23.17665,10.66,11.02,0,0.258,0.058,10.36,-18.06083,"1,019.272",0.071,1.452,1.885,20.34795,3.357314,7.976786,0.410833,0.048
2016-07-19 20:15,20.25,15582,10.8,52.33,52.33,0.963,140.7,70.5,0.007,185,48.33205,9.226519,-42.66671,-6.862581,10.65619,283.8062,325.1835,360.9876,39.10553,-35.80413,0.1898818,3.301401,10.39,10.79,0,0.258,0.058,10.2,-14.61856,"1,019.155",0.135,1.381,0.904,21.71861,4.514446,7.384666,0.8927371,0.124
2016-07-19 20:30,20.5,15583,10.49,52.97,52.97,4.749,271.2,34.07,0.009,181,21.26246,4.294761,-27.98924,-7.055125,10.33555,283.4855,338.201,359.1352,16.9677,-20.93412,0.2019477,-3.966417,9.89,10.4,0,0.258,0.058,9.94,-18.14848,"1,019.038",0.09,0.807,2.148,3.895845,0.794373,0.9805745,0.365001,0.053
2016-07-19 20:45,20.75,15584,10.38,52.53,52.53,4.852,265.2,33.84,0.008,186,16.52755,3.277238,-36.78252,-8.001434,10.18375,283.3337,328.6241,357.4051,13.25031,-28.78108,0.1978501,-15.53077,9.73,10.27,0,0.258,0.057,9.64,-21.67413,"1,018.88",0.108,0.919,1.893,1.483345,0.4562903,7.025312,0.5233626,0.063
2016-07-19 21:00,21,15585,10.17,53.42,53.42,5.288,269.4,16.99,0.008,178,12.14635,2.435638,-30.14844,-7.606161,10.01147,283.1615,334.3702,356.9125,9.710708,-22.54227,0.2072415,-12.83157,9.38,10.08,0,0.257,0.057,9.43,-21.54535,"1,019.081",0.117,0.903,1.603,5.322281,1.046206,5.237855,0.381728,0.069
2016-07-19 21:15,21.25,15586,9.74,56.61,56.61,5.657,279,21.81,0.008,182,7.115906,5.965976,-18.24579,-5.137681,8.978248,282.1282,340.99,354.0981,1.14993,-13.10811,INF,-11.95817,7.875,9.09,0,0.257,0.057,9.15,-24.93695,"1,019.285",0.272,1.954,1.739,5.660982,2.660243,2.524925,1.516384,0.56
2016-07-19 21:30,21.5,15587,8.88,64.14,64.14,3.035,138,61.72,0.008,181,9.021633,7.391868,-15.68043,-1.062534,7.582457,280.7325,336.4917,351.1096,1.629765,-14.6179,1.058392,-12.98813,6.082,8.38,0,0.257,0.057,8.96,-28.44623,"1,019.457",0.246,2.795,2.27,4.464047,1.213911,2.064926,0.5898438,0.213
2016-07-19 21:45,21.75,15588,8.96,61.8,61.8,4.357,243.9,64.83,0.008,177,-2.511345,5.985168,-26.95856,-2.190492,7.284591,280.4346,323.7214,348.4894,-8.496512,-24.76807,-2.838767,-33.26459,6.909,7.92,0,0.257,0.057,8.63,-33.89722,"1,019.04",0.394,3.627,2.325,2.809844,1.018198,8.393502,0.6279004,0.22
2016-07-19 22:00,22,15589,8.84,62.86,62.86,3.91,284.2,46.04,0.008,190,-7.153358,3.888827,-19.60476,-3.696703,7.52178,280.6718,332.2619,348.17,-11.04218,-15.90805,-0.5494759,-26.95024,7.535,8.53,0,0.257,0.057,8.38,-32.58886,"1,019.408",0.149,1.594,2.445,1.211335,0.5802227,6.687304,0.5503153,0.07
2016-07-19 22:15,22.25,15590,8.19,68.95,68.95,3.702,170.9,61.98,0.005,180,-5.989153,3.171674,-13.00135,-2.452215,7.256837,280.4068,337.5404,348.0895,-9.160828,-10.54914,-0.5450547,-19.70996,6.48,6.516,0,0.257,0.056,8.25,-31.51242,"1,019.416",0.276,2.404,2.537,0.9064562,0.4085404,3.205464,0.7206844,0.267
2016-07-19 22:30,22.5,15591,8.04,68.06,68.06,5.659,266,32.13,0.009,186,-7.429847,3.948523,-29.9123,-2.979985,6.785287,279.9353,318.2769,345.2093,-11.37837,-26.93231,-0.5390805,-38.31068,6.646,5.572,0.2,0.257,0.056,7.986,-34.88418,"1,019.152",0.205,2.597,2.985,0.5942772,0.5481561,3.970175,1.319704,0.23
2016-07-19 22:45,22.75,15592,7.88,68.39,68.39,4.208,267.3,55.94,0.009,189,-7.327725,2.302874,-25.01435,-4.703489,7.104027,280.254,324.7628,345.0737,-9.630599,-20.31087,-0.315749,-29.94146,6.482,7.622,0,0.256,0.055,7.825,-33.93579,"1,019.315",0.217,2.175,2.342,0.4748679,0.3469841,7.922503,0.4086092,0.173
2016-07-19 23:00,23,15593,7.843,68.28,68.28,2.41,65.33,75.91,0.006,168,-5.815667,2.451588,-40.45353,-5.842455,6.92544,280.0754,308.4321,343.0432,-8.267256,-34.61108,-0.4281315,-42.87834,6.689,7.604,0,0.257,0.055,7.585,-34.10003,"1,019.478",0.097,1.022,1.641,0.8027959,0.2461789,4.547111,0.4927359,0.033
2016-08-19 00:00,0,18477,4.626,83.5,83.5,1.81,148.9,51.25,0.008,183,-1.891511,1.25263,-37.71255,-1.58118,4.172487,277.3224,297.6568,333.7882,-3.14414,-36.13137,-0.6762962,-39.27552,4.239,4.501,0,0.211,0.043,6.139,-33.86666,"1,028.297",0.076,1.08,1.197,0.2330147,0.1818972,3.325686,0.431152,0.026
2016-08-19 00:15,0.25,18478,4.699,82,82,1.488,206.5,48.57,0.007,191,-1.014661,1.409118,-23.22982,-0.7684365,4.184408,277.3344,312.1973,334.6587,-2.423779,-22.46138,-1.786613,-24.88516,4.442,4.655,0,0.211,0.043,6.088,-30.70317,"1,028.262",0.034,0.812,0.743,0.4612899,0.09066842,6.387404,0.4535816,0.057
2016-08-19 00:30,0.5,18479,4.757,79.97,79.97,0.596,46.74,53.86,0.007,191,-0.7477978,0.969484,-18.82689,-0.5365663,4.30819,277.4582,317.1994,335.4897,-1.717282,-18.29033,-1.472746,-20.00761,4.362,4.596,0,0.211,0.043,6.082,-26.22008,"1,028.187",0.053,1.104,0.712,0.2205261,0.09750673,1.346862,0.2042902,0.025
2016-08-19 00:45,0.75,18480,4.701,80.3,80.3,0.248,61.99,20.32,0.007,192,-0.5681428,0.8903142,-14.08729,0.2758048,4.275115,277.4251,321.7787,336.1419,-1.458457,-14.3631,-1.636117,-15.82155,4.325,4.495,0,0.211,0.043,6.159,-22.9126,"1,028.147",0.032,0.571,0.252,0.1197951,0.03717335,0.7378321,0.2406383,0.01
2016-08-19 01:00,1,18481,4.673,80.7,80.7,0.795,68.7,19.46,0.007,179,-0.8210657,0.9799618,-19.5907,0.1012992,4.259204,277.4092,316.1983,335.8903,-1.801028,-19.692,-1.259674,-21.49303,4.312,4.489,0,0.211,0.042,6.216,-23.06457,"1,028.106",0.031,0.35,0.887,0.2195001,0.08916263,6.285623,0.6835282,0.017
2016-08-19 01:15,1.25,18482,4.552,81.4,81.4,1.938,28.25,17.54,0.006,179,-1.757008,0.8900464,-32.01742,-1.994737,4.199015,277.349,303.4803,333.503,-2.647055,-30.02268,-0.5320268,-32.66974,3.889,4.334,0,0.211,0.042,5.968,-30.45852,"1,028.109",0.077,0.733,1.068,0.3216256,0.1319159,3.013044,0.3684812,0.05
2016-08-19 01:30,1.5,18483,4.26,83.8,83.8,3.054,47.37,12.26,0.006,174,-2.490617,0.7061876,-44.82127,-3.18581,4.031759,277.1818,289.868,331.5034,-3.196805,-41.63546,-0.2886659,-44.83226,3.613,4.073,0,0.211,0.042,5.778,-35.82018,"1,028.071",0.063,0.466,0.861,0.3394512,0.06814139,8.071701,0.4859084,0.064
2016-08-19 01:45,1.75,18484,4.166,84.2,84.2,2.518,39.63,12.51,0.006,174,-2.54621,0.8320796,-48.0587,-3.507551,3.831199,276.9812,285.6628,330.214,-3.37829,-44.55115,-0.3316184,-47.92944,3.46,3.966,0,0.211,0.042,5.537,-36.77224,"1,027.993",0.069,0.447,0.572,0.3245227,0.09089489,5.50135,0.4666593,0.051
2016-08-19 02:00,2,18485,3.998,85.4,85.4,0.492,341.7,58.92,0.006,174,-2.699034,1.079586,-39.76694,-3.297121,3.521137,276.6711,292.4633,328.9332,-3.77862,-36.46983,-0.4042405,-40.24844,3.167,3.712,0,0.211,0.042,5.408,-34.77298,"1,027.919",0.059,0.244,0.538,0.5653716,0.3051262,7.095952,0.581562,0.152
2016-08-19 02:15,2.25,18486,4.07,84.6,84.6,0.25,197.2,5.767,0.005,178,-3.047982,2.039771,-54.50532,-4.426215,3.031291,276.1813,275.3784,325.4575,-5.087754,-50.0791,-0.6846571,-55.16685,3.146,3.739,0,0.21,0.042,5.141,-39.73919,"1,027.844",0.059,0.253,0.344,0.5116382,0.1767981,4.313458,0.8685281,0.158
2016-08-19 02:30,2.5,18487,4.17,83.2,83.2,0.708,144.4,54.73,0.005,173,-1.947816,3.104733,-51.21212,-4.317924,2.646279,275.7963,276.8354,323.7295,-5.052549,-46.8942,-1.961936,-51.94674,2.711,3.778,0,0.21,0.042,4.809,-42.88971,"1,027.816",0.102,0.914,0.563,0.9352531,0.4274797,8.627892,1.14949,0.05
2016-08-19 02:45,2.75,18488,4.207,82.8,82.8,1.343,128.4,24.03,0.005,174,-1.431531,2.42006,-43.769,-3.01371,2.985202,276.1352,285.8942,326.6495,-3.851591,-40.75529,-1.82253,-44.60688,2.988,3.901,0,0.21,0.042,4.73,-37.33137,"1,027.744",0.065,0.381,0.221,0.416566,0.3193974,5.802079,0.3650378,0.102
2016-08-19 03:00,3,18489,4.271,82,82,1.784,114.8,14.51,0.004,174,-2.615392,2.626826,-59.93565,-4.911493,3.206273,276.3563,270.7843,325.8085,-5.242218,-55.02416,-1.014261,-60.26638,2.917,3.917,0,0.21,0.042,4.607,-39.69804,"1,027.629",0.065,0.545,0.247,0.2676091,0.2153204,3.02327,0.834802,0.059
2016-08-19 03:15,3.25,18490,4.283,81.5,81.5,1.699,135.5,11.8,0.005,179,-3.032111,2.149792,-64.30476,-5.888666,3.242732,276.3927,266.5897,325.0058,-5.181902,-58.4161,-0.711236,-63.598,3.04,3.999,0,0.21,0.042,4.417,-41.36752,"1,027.512",0.083,0.549,0.416,0.1779351,0.1966518,3.746208,0.546482,0.026
2016-08-19 03:30,3.5,18491,4.212,81.7,81.7,0.969,135.7,17.95,0.004,174,-4.191294,2.551684,-78.81003,-8.762402,2.907117,276.0571,250.4808,320.5284,-6.742978,-70.04762,-0.6115071,-76.7906,2.437,3.79,0,0.21,0.041,4.119,-47.42149,"1,027.433",0.052,0.375,0.316,0.2462896,0.2807954,1.637519,0.5386186,0.156
2016-08-19 03:45,3.75,18492,4.103,82.7,82.7,0.593,143,31.63,0.006,174,-4.275626,2.999803,-81.01252,-9.290954,2.440208,275.5902,246.0561,317.7777,-7.275429,-71.72156,-0.7094451,-78.99699,2.291,3.581,0,0.21,0.041,3.778,-51.48436,"1,027.32",0.064,0.374,0.478,0.4056443,0.3389055,0.6326044,0.7391912,0.151
2016-08-19 04:00,4,18493,4.176,83.2,83.2,0.31,163.8,15.26,0.005,171,-3.49687,3.505959,-80.76875,-7.452775,2.065389,275.2154,244.5237,317.8397,-7.002829,-73.31597,-1.009379,-80.3188,2.694,3.834,0,0.209,0.041,3.405,-51.9968,"1,027.248",0.029,0.224,0.291,0.2660241,0.2396539,0.4911065,0.3169828,0.069
2016-08-19 04:15,4.25,18494,4.08,83.8,83.8,0.297,169.7,9.54,0.005,184,-3.253957,3.284302,-80.40566,-8.0289,1.782031,274.932,243.5495,315.9262,-6.538258,-72.37676,-1.013546,-78.91502,2.415,3.664,0,0.209,0.041,3.139,-52.79498,"1,027.135",0.045,0.275,0.405,0.3519709,0.5917081,0.5152002,0.5709909,0.119
2016-08-19 04:30,4.5,18495,4.039,84.2,84.2,0.3,130.4,19.59,0.004,178,-3.0619,3.754008,-80.28008,-8.073922,1.640063,274.79,243.0061,315.2123,-6.815908,-72.20615,-1.243378,-79.02206,2.259,3.503,0,0.209,0.041,3.004,-52.67807,"1,027.105",0.056,0.207,0.268,0.321009,0.4155944,0.1425684,0.5736654,0.044
2016-08-19 04:45,4.75,18496,3.957,84.9,84.9,0.442,120.2,12.74,0.004,178,-3.071712,4.112032,-80.11275,-7.751561,1.458124,274.6081,242.3182,314.6794,-7.183744,-72.36119,-1.350628,-79.54493,1.822,3.347,0,0.209,0.04,2.824,-52.50592,"1,027.033",0.051,0.238,0.352,0.3237065,0.5162304,0.6692375,0.5224368,0.066
2016-08-19 05:00,5,18497,3.959,84.7,84.7,0.54,133.7,25.02,0.004,182,-3.513505,3.833965,-81.55582,-7.697534,1.618636,274.7686,241.6295,315.4878,-7.34747,-73.85828,-1.105169,-81.20575,1.932,3.404,0,0.209,0.041,2.704,-49.04435,"1,026.877",0.084,0.397,0.312,0.2604671,0.5590968,0.2490313,0.3244682,0.025
2016-08-19 05:15,5.25,18498,3.807,86.1,86.1,0.633,122.4,29.17,0.005,179,-3.499353,3.497586,-82.09917,-8.168716,1.596505,274.7465,240.9821,314.9125,-6.99694,-73.93045,-1.001222,-80.92738,1.611,3.146,0,0.209,0.041,2.59,-48.85791,"1,026.84",0.057,0.224,0.139,0.1450174,0.3970379,0.09290863,0.4151101,0.014
2016-08-19 05:30,5.5,18499,3.884,86,86,0.389,131.5,9.56,0.005,180,-3.217468,3.326329,-81.57155,-7.264708,1.45528,274.6053,240.846,315.1528,-6.543796,-74.30684,-1.03732,-80.85064,1.803,3.382,0,0.208,0.04,2.473,-48.44079,"1,026.805",0.026,0.069,0.16,0.2552913,0.3590091,0.1785382,0.3412863,0.064
2016-08-19 05:45,5.75,18500,3.828,86.2,86.2,0.942,132.9,12.61,0.005,175,-2.905643,3.115308,-79.60363,-5.777138,1.416828,274.5668,242.6336,316.4601,-6.020951,-73.82648,-1.077996,-79.84744,1.572,3.325,0,0.208,0.04,2.349,-48.01713,"1,026.769",0.016,0.142,0.422,0.1489002,0.6856793,1.596313,0.4596631,0.108
2016-08-19 06:00,6,18501,3.848,86.4,86.4,1.634,123.5,9.01,0.003,184,-3.717597,3.90451,-83.00386,-5.695653,1.919143,275.0691,241.5979,318.9061,-7.622108,-77.30821,-1.061747,-84.93031,1.356,3.328,0,0.208,0.04,2.307,-46.34031,"1,026.649",0.041,0.222,0.173,0.3707893,0.2879601,3.123942,0.4529813,0.109
2016-08-19 06:15,6.25,18502,3.783,86.1,86.1,1.282,139.4,16.98,0.003,170,-4.499825,2.9338,-86.94886,-7.781393,2.002768,275.1528,238.0476,317.2151,-7.433626,-79.16747,-0.6547414,-86.6011,1.394,3.306,0,0.208,0.04,2.272,-45.64576,"1,026.527",0.069,0.734,0.237,0.2045655,0.2640815,0.3804047,0.9111686,0.058
2016-08-19 06:30,6.5,18503,3.665,85.4,85.4,0.256,132.6,17.11,0.004,187,-1.959103,3.206841,-85.73022,-10.44579,1.594393,274.7444,237.3418,312.6262,-5.165944,-75.28444,-0.1170381,-80.45038,1.419,2.857,0,0.208,0.04,2.174,-46.13424,"1,026.487",0.101,0.882,0.304,1.968691,0.476029,0.9533992,0.4338349,0.167
2016-08-19 06:45,6.75,18504,3.595,85.8,85.8,0.063,92.3,0.12,0.003,180,4.297141,3.871968,-84.12195,-9.284801,1.136139,274.2861,236.7995,311.6367,0.4251729,-74.83715,1.239955,-74.41197,1.157,2.341,0,0.208,0.039,2.068,-46.51008,"1,026.489",0.058,0.85,0.147,2.239952,0.4969632,0.6159354,0.4953702,0.101
2016-08-19 07:00,7,18505,3.81,83,83,0.644,109.9,21.01,0.003,187,25.86782,7.487391,-84.02738,-9.077165,1.235139,274.3851,237.3581,312.3083,18.38043,-74.95022,0.3147371,-56.56979,1.59,3.03,0,0.207,0.039,1.972,-45.47963,"1,026.419",0.054,1.512,0.317,9.217007,1.710883,2.15735,0.557654,0.161
2016-08-19 07:15,7.25,18506,3.949,79.09,79.09,0.771,96.9,21.65,0.003,179,68.54028,18.84635,-90.37706,-11.9272,2.094705,275.2447,235.0566,313.5065,49.69392,-78.44987,0.2757406,-28.75594,2.584,4.054,0,0.207,0.039,1.953,-43.55067,"1,026.417",0.068,2.12,0.458,9.329361,2.317339,1.457749,0.7755514,0.323
2016-08-19 07:30,7.5,18507,3.981,80.9,80.9,1.177,107,12.62,0.007,170,100.8903,26.52595,-94.30995,-12.51434,3.093365,276.2433,235.8715,317.6671,74.36438,-81.79561,0.263687,-7.431226,3.655,4.155,0,0.207,0.039,2.023,-41.16223,"1,026.446",0.073,1.071,0.241,10.78588,2.14867,0.6241276,0.09787502,0.254
2016-08-19 07:45,7.75,18508,4.413,80.1,80.1,0.407,131.8,15.05,0.008,187,143.0318,34.63454,-97.10315,-12.12889,3.936544,277.0865,237.1279,322.1021,108.3973,-84.97426,0.2426096,23.42304,3.928,4.378,0,0.207,0.039,2.071,-38.96305,"1,026.31",0.226,1.504,0.424,11.75365,2.054255,1.040599,0.1089325,0.244
2016-08-19 08:00,8,18509,4.621,78.61,78.61,1.336,110.1,27.63,0.009,178,188.925,43.23137,-100.0557,-10.72038,4.748282,277.8983,238.1087,327.444,145.6936,-89.33535,0.2289415,56.35823,5.3,5.268,0,0.207,0.039,2.33,-35.7733,"1,026.289",0.108,1.602,0.402,14.48725,3.039087,0.4546179,0.9092578,0.205
2016-08-19 08:15,8.25,18510,4.796,76.39,76.39,1.514,80.1,15.63,0.009,169,229.4951,50.98692,-101.8588,-7.693645,5.291966,278.442,238.9589,333.1241,178.5081,-94.16517,0.2222459,84.34296,6.546,7.116,0,0.207,0.039,3.007,-18.39679,"1,026.186",0.086,1.749,0.32,11.93664,2.350805,0.3749694,0.9619891,0.105
2016-08-19 08:30,8.5,18511,5.248,72.94,72.94,1.324,78.74,20.39,0.009,169,287.2379,61.92943,-103.2701,-3.573368,5.867841,279.0178,240.377,340.0737,225.3085,-99.69673,0.2156941,125.6117,7.557,7.961,0,0.207,0.039,4.041,14.51291,"1,026.085",0.218,1.635,0.417,13.92409,2.492009,0.5279477,1.089292,0.232
2016-08-19 08:45,8.75,18512,5.231,73.58,73.58,2.797,97.8,16.85,0.009,170,328.8873,67.56604,-102.92,-1.19578,6.210115,279.3601,242.4151,344.1393,261.3212,-101.7243,0.2050151,159.597,7.245,7.01,0,0.207,0.039,5.256,40.81509,"1,025.948",0.168,1.893,0.584,42.9576,9.673243,1.029301,1.833967,0.068
2016-08-19 09:00,9,18513,5.696,74.28,74.28,1.798,75.14,29.43,0.009,181,389.1992,79.28136,-103.8996,5.023646,6.59453,279.7445,243.3417,352.2649,309.9179,-108.9232,0.2036594,200.9947,8.95,8.27,0,0.207,0.039,6.497,66.12484,"1,025.896",0.382,2.259,0.793,17.33404,3.919022,1.197951,1.055312,0.24
2016-08-19 09:15,9.25,18514,5.65,72.82,72.82,2.306,95.7,22.13,0.009,170,335.7832,65.69035,-104.4819,3.499766,6.80165,279.9516,243.7877,351.7693,270.0929,-107.9817,0.1952981,162.1112,8.31,7.449,0,0.207,0.039,7.217,51.03638,"1,025.922",0.129,2.13,0.73,37.25559,8.395567,0.8619692,1.312843,0.113
2016-08-19 09:30,9.5,18515,6.18,70.12,70.12,0.594,66.74,44.34,0.007,169,327.3101,63.68579,-103.6696,6.507003,7.061236,280.2112,245.895,356.0716,263.6243,-110.1766,0.1942956,153.4478,8.65,8.47,0,0.207,0.039,7.837,56.62854,"1,025.834",0.254,2.175,0.624,42.77861,8.954062,0.7995413,1.658634,0.259
2016-08-19 09:45,9.75,18516,5.875,70.88,70.88,2.115,78.47,27.65,0.011,169,347.0659,65.17899,-104.1904,4.884816,7.267488,280.4175,246.4034,355.4786,281.8869,-109.0752,0.1875803,172.8117,9.22,8.46,0,0.207,0.039,8.25,49.72947,"1,025.826",0.246,2.049,0.895,57.47532,11.31808,0.5243336,2.66556,0.162
2016-08-19 10:00,10,18517,6.427,68.35,68.35,2.227,79.25,25.77,0.012,170,536.0223,102.4706,-104.7657,15.77078,7.617883,280.7679,247.5887,368.1252,433.5516,-120.5365,0.1910437,313.0151,11.35,10.13,0,0.208,0.039,9.33,89.67363,"1,025.741",0.406,2.31,0.614,75.63728,14.7854,0.4716859,3.866909,0.462
2016-08-19 10:15,10.25,18518,6.994,65.14,65.14,2.51,102.4,28.34,0.01,177,550.0226,101.387,-105.6795,16.77124,8.92739,282.0774,253.2904,375.7411,448.6357,-122.4508,0.1837648,326.1849,11.5,9.88,0,0.208,0.04,10.67,108.438,"1,025.846",0.36,2.22,1.102,80.66769,16.74819,1.126097,3.720744,0.242
2016-08-19 10:30,10.5,18519,6.974,64.7,64.7,2.527,103.2,25,0.013,178,597.3823,108.2743,-106.0262,19.34684,9.187036,282.337,254.267,379.64,489.108,-125.3731,0.1810435,363.735,11.84,9.43,0,0.208,0.04,11.71,110.4105,"1,025.789",0.276,1.971,0.949,69.80297,13.71101,1.311882,3.14265,0.224
2016-08-19 10:45,10.75,18520,7.082,64.03,64.03,3.732,90.2,24.81,0.012,178,644.7975,116.5159,-108.4203,21.40069,9.177165,282.3271,251.8213,381.6423,528.2816,-129.821,0.1805826,398.4606,12.34,8.63,0,0.208,0.04,12.54,108.7416,"1,025.539",0.257,1.846,0.965,59.48191,11.51877,0.8708888,2.025037,0.074
2016-08-19 11:00,11,18521,7.62,63.36,63.36,4.356,107.2,19.66,0.008,173,708.8599,127.0913,-109.4232,24.60175,9.595667,282.7457,252.9601,386.9851,581.7686,-134.025,0.1792835,447.7436,12.59,8.66,0,0.208,0.04,13.46,121.9631,"1,025.492",0.302,2.142,1.025,17.05478,3.329413,0.554075,1.691942,0.204
2016-08-19 11:15,11.25,18522,8.68,55.63,55.63,4.512,138,20.35,0.01,177,739.7663,131.632,-110.6619,25.59938,10.3717,283.5217,255.7188,391.9801,608.1343,-136.2613,0.1779231,471.873,12.83,9.37,0,0.209,0.041,14.23,125.7699,"1,025.483",0.559,7.059,1.007,33.58058,6.245636,0.9791524,1.965806,0.367
2016-08-19 11:30,11.5,18523,9.05,52.19,52.19,3.629,150.6,48.9,0.008,182,764.3331,133.5011,-111.6757,28.99922,11.30348,284.4535,259.5432,400.218,630.832,-140.6749,0.1746423,490.1571,13.5,9.91,0,0.209,0.041,15.32,142.8125,"1,025.473",0.475,7.804,1.481,27.51137,5.299433,0.8225764,3.857774,0.25
2016-08-19 11:45,11.75,18524,9.27,51.3,51.3,4.24,136.3,41.2,0.01,173,764.5775,131.483,-113.6734,28.23973,11.98864,285.1386,261.1362,403.0493,633.0945,-141.9132,0.1719496,491.1813,13.83,11.17,0,0.209,0.042,16.3,143.2638,"1,025.143",0.446,4.646,2.058,35.21468,6.470878,1.265604,4.002435,0.329
2016-08-19 12:00,12,18525,9.06,50.83,50.83,5.594,120,15.22,0.013,175,830.6317,142.6353,-110.4934,30.8347,11.40426,284.5543,261.2503,402.5783,687.9963,-141.3281,0.1717056,546.6683,14.14,11.53,0,0.21,0.042,16.61,132.3083,"1,024.936",0.251,4.524,1.501,24.70474,4.656141,1.180019,2.420102,0.071
2016-08-19 12:15,12.25,18526,9.48,53.78,53.78,5.258,117.4,17.34,0.012,173,804.053,137.2191,-108.4389,33.44758,11.7058,284.8558,264.8844,406.771,666.834,-141.8865,0.1704165,524.9474,14.61,12.09,0,0.21,0.042,17.22,138.3011,"1,024.774",0.258,2.705,1.307,98.26953,18.19777,0.7262426,5.716866,0.242
2016-08-19 12:30,12.5,18527,9.72,53.05,53.05,5.316,101.4,17.26,0.015,180,866.5463,148.2006,-108.7853,37.31388,11.87385,285.0238,265.4205,411.5197,718.3456,-146.0992,0.1710302,572.2465,15.55,12.73,0,0.21,0.043,17.89,139.7176,"1,024.692",0.468,3.409,1.426,26.68493,4.496602,0.506716,3.810524,0.289
2016-08-19 12:45,12.75,18528,10.23,50.9,50.9,5.938,103.2,14.52,0.011,178,870.5268,147.4187,-108.9073,37.07919,12.39864,285.5486,268.0599,414.0464,723.1081,-145.9865,0.1693524,577.1216,16.02,13.41,0,0.211,0.043,18.72,136.3702,"1,024.447",0.259,2.495,1.008,28.23492,4.606429,1.216985,2.137519,0.064
2016-08-19 13:00,13,18529,11.22,45.36,45.36,2.947,105.3,81.4,0.009,179,911.9534,155.9525,-108.0531,47.68135,13.36469,286.5147,274.0619,429.7963,756.0009,-155.7344,0.17101,600.2665,18.24,15.7,0,0.212,0.044,20.16,166.707,"1,024.677",0.687,5.272,2.48,29.14808,5.065957,2.269334,5.567137,0.859
2016-08-19 13:15,13.25,18530,11.75,39.12,39.12,2.132,143.7,76.54,0.012,192,860.4426,145.1684,-112.0285,45.77797,15.30334,288.4533,280.5151,438.3215,715.2743,-157.8064,0.168483,557.4678,18.32,16.02,0,0.212,0.044,21.58,175.2686,"1,024.546",0.533,4.633,1.644,94.20036,17.58064,1.419071,8.645576,0.286
2016-08-19 13:30,13.5,18531,11.62,43.08,43.08,2.474,113.2,46.14,0.009,186,748.4012,123.9783,-111.6928,39.56021,15.48168,288.6317,281.8234,433.0764,624.423,-151.253,0.1655407,473.17,18.35,15.52,0,0.213,0.045,22.12,148.2784,"1,024.494",0.336,3.37,1.165,100.225,17.239,1.417419,5.352374,0.341
2016-08-19 13:45,13.75,18532,11.86,39.63,39.63,1.836,156,62.66,0.012,183,862.7798,145.5291,-118.6932,47.21935,15.5291,288.6791,275.0811,440.9937,717.2509,-165.9126,0.1686582,551.3383,18.74,15.08,0,0.213,0.046,22.97,161.6218,"1,024.325",0.338,2.842,1.22,56.05905,9.710418,1.928275,4.383435,0.309
2016-08-19 14:00,14,18533,11.74,36.13,36.13,2.786,129.7,45.8,0.009,182,872.2724,145.524,-118.1653,48.28785,15.51515,288.6651,275.5335,441.9866,726.7484,-166.4531,0.1668072,560.2953,19.12,15.71,0,0.214,0.046,23.41,152.563,"1,024.194",0.469,2.855,2.088,16.76808,4.295905,1.26596,7.468472,0.342
2016-08-19 14:15,14.25,18534,12.21,35.27,35.27,2.298,97.5,78.02,0.01,188,843.188,140.8578,-119.2237,48.11401,16.11166,289.2617,277.7368,445.0746,702.3303,-167.3377,0.1670437,534.9925,20.11,16.95,0,0.214,0.047,24.01,157.573,"1,024.028",0.366,2.614,1.304,28.78102,5.108913,1.043823,3.455494,0.167
2016-08-19 14:30,14.5,18535,12.39,34.88,34.88,2.848,155,78.71,0.007,182,854.3271,143.4558,-114.751,49.7228,15.73967,288.8896,280.1727,444.6465,710.8713,-164.4738,0.1679102,546.3975,19.46,16.39,0,0.215,0.047,24.4,150.9902,"1,023.824",0.58,2.38,1.515,19.11078,3.616186,0.7475055,4.519816,0.261
2016-08-19 14:45,14.75,18536,12.3,33.73,33.73,1.641,27.93,83,0.013,182,804.4091,135.1468,-113.6811,50.25442,16.0859,289.2359,283.1388,447.0743,669.2623,-163.9355,0.1679826,505.3267,21.01,17.21,0,0.215,0.048,24.73,148.5685,"1,023.739",0.394,1.409,0.868,33.83957,6.287731,1.242679,3.798723,0.234
2016-08-19 15:00,15,18537,13,33.54,33.54,2.503,300,72.45,0.013,190,836.5857,140.2535,-114.7696,47.93402,16.68869,289.8387,285.3674,448.071,696.3323,-162.7036,0.1676523,533.6286,21.31,17.17,0,0.216,0.049,25.05,151.9,"1,023.534",0.308,1.85,1.2,19.53882,3.304795,1.544809,2.245108,0.091
2016-08-19 15:15,15.25,18538,12.16,33.02,33.02,5.289,280.4,32.74,0.008,178,800.8226,134.6505,-105.1779,44.33818,15.05172,288.2017,286.0101,435.5262,666.1722,-149.5161,0.1681658,516.656,19.19,15.21,0,0.216,0.049,24.56,127.4285,"1,023.451",0.365,1.722,2.334,36.99454,5.987529,3.712237,4.668153,0.721
2016-08-19 15:30,15.5,18539,13.01,33.45,33.45,1.814,23.03,82.6,0.01,182,723.6921,123.7315,-101.4902,46.44643,15.46704,288.617,291.9482,439.8849,599.9606,-147.9366,0.1709031,452.0239,20.82,17.17,0,0.216,0.05,24.42,122.5807,"1,023.374",0.328,1.605,1.145,77.75838,13.74352,1.455474,4.557533,0.433
2016-08-19 15:45,15.75,18540,12.99,33.67,33.67,2.092,266.8,99.1,0.011,182,749.2559,127.7834,-102.7236,44.85587,16.30446,289.4544,295.296,442.8755,621.4725,-147.5795,0.1704953,473.893,20.46,16.69,0,0.217,0.05,24.58,125.5237,"1,023.212",0.337,1.653,1.024,59.51878,10.6427,2.570603,3.630275,0.123
2016-08-19 16:00,16,18541,13.25,33.75,33.75,1.769,150,59.98,0.009,182,686.2617,117.8832,-109.6594,41.36788,16.65553,289.8055,290.2952,441.3225,568.3785,-151.0273,0.1716154,417.3513,20.58,17.04,0,0.217,0.051,24.58,116.1425,"1,023.129",0.18,1.428,1.275,110.1173,19.26505,1.660998,5.677737,0.178
2016-08-19 16:15,16.25,18542,13.13,32.94,32.94,1.677,281.2,86.2,0.009,178,684.394,117.6582,-110.1762,40.57485,16.93729,290.0873,291.3354,442.0864,566.7358,-150.7511,0.1718705,415.9848,20.53,16.89,0,0.217,0.051,24.56,116.8461,"1,023.206",0.275,1.427,1.415,63.32405,11.18014,1.647848,3.496809,0.09
2016-08-19 16:30,16.5,18543,13.19,33.37,33.37,2.246,327,84.1,0.009,182,646.7285,112.3427,-109.6665,36.45897,16.57552,289.7255,289.847,435.9724,534.3857,-146.1254,0.1733095,388.2603,21.17,16.91,0,0.218,0.051,24.11,106.613,"1,023.124",0.237,1.123,1.405,84.95332,16.103,1.205002,3.367423,0.208
2016-08-19 16:45,16.75,18544,12.82,34,34,4.487,303.5,42.18,0.008,179,623.6055,110.7519,-105.7828,34.31458,15.28616,288.4362,286.672,426.7694,512.8536,-140.0974,0.1775984,372.7562,20.67,15.79,0,0.218,0.052,23.03,100.5986,"1,022.845",0.351,1.288,2.155,25.75816,4.672551,2.231862,3.648337,0.5
2016-08-19 17:00,17,18545,12.61,34.36,34.36,5.272,292.1,35.24,0.009,177,572.886,103.3196,-102.0786,29.72829,14.41668,287.5667,285.6606,417.4674,469.5664,-131.8069,0.1803532,337.7596,18.97,14.83,0,0.218,0.052,21.88,84.34937,"1,022.971",0.291,0.925,2.371,17.12546,3.084492,0.9395689,3.554602,0.274
2016-08-19 17:15,17.25,18546,12.55,34.75,34.75,6.61,267.8,30.39,0.009,178,545.3582,100.3715,-100.9896,25.62613,13.89401,287.044,283.9371,410.5528,444.9867,-126.6157,0.1840237,318.371,17.39,14.37,0,0.218,0.052,20.82,64.3271,"1,022.744",0.174,0.736,3.126,15.69749,3.392058,0.5036082,3.888141,0.184
2016-08-19 17:30,17.5,18547,12.52,35.46,35.46,6.589,272.8,26.23,0.009,183,563.6186,106.2983,-100.2876,24.57013,13.56426,286.7143,282.8727,407.7304,457.3202,-124.8577,0.1886026,332.4626,17.59,14.32,0,0.218,0.052,19.75,64.85801,"1,022.477",0.181,0.537,3.203,9.437447,1.834787,0.4071062,2.584494,0.087
2016-08-19 17:45,17.75,18548,12.96,36.04,36.04,3.98,310.7,63.71,0.008,177,501.9677,95.81631,-101.3547,24.95783,14.30787,287.4579,285.7965,412.109,406.1514,-126.3125,0.1908626,279.839,19.29,15.53,0,0.218,0.053,19.27,76.31417,"1,022.124",0.24,0.871,2.679,24.69772,4.945416,0.5025947,4.590719,0.158
2016-08-19 18:00,18,18549,12.67,36.74,36.74,5.743,275.5,30.39,0.008,169,428.764,82.56541,-100.1763,16.74077,13.8386,286.9886,284.4531,401.3701,346.1986,-116.917,0.1926437,229.2816,16.94,14.16,0,0.218,0.052,18.4,50.73797,"1,022.406",0.116,0.627,2.404,25.23918,4.411441,0.3993516,1.584201,0.165
2016-08-19 18:15,18.25,18550,12.62,37.6,37.6,6.378,289,22.04,0.009,179,394.3958,78.99548,-101.0679,13.5245,13.42069,286.5707,281.3254,395.9178,315.4003,-114.5924,0.2003232,200.8079,17.21,14.08,0,0.218,0.053,17.35,43.67405,"1,022.369",0.186,0.62,2.389,12.05979,2.155801,0.2593297,2.02143,0.07
2016-08-19 18:30,18.5,18551,12.63,37.58,37.58,6.971,257,23.04,0.007,171,362.3177,74.31141,-101.0229,10.48686,13.29255,286.4425,280.6868,392.1966,288.0063,-111.5097,0.205116,176.4965,15.83,13.67,0,0.217,0.052,16.58,29.47216,"1,021.978",0.096,0.419,3.12,16.24251,3.285489,0.2706524,1.929469,0.049
2016-08-19 18:45,18.75,18552,12.53,38.28,38.28,7.706,262.3,28.01,0.009,174,312.5244,65.10609,-99.0062,6.878284,13.06677,286.2168,281.5016,387.3861,247.4183,-105.8845,0.2083143,141.5338,15.46,13.52,0,0.217,0.052,15.73,16.25447,"1,021.983",0.117,0.53,2.758,19.95196,4.204011,1.438958,1.377081,0.098
2016-08-19 19:00,19,18553,12.36,38.98,38.98,8.98,258.5,18.05,0.008,170,221.8304,46.17461,-96.28462,2.234844,12.66399,285.814,282.0862,380.6057,175.6557,-98.51946,0.2066785,77.13628,14.08,12.98,0,0.217,0.052,14.99,-0.01915285,"1,021.67",0.122,0.563,2.141,56.17519,12.828,0.696778,2.527849,0.151
2016-08-19 19:15,19.25,18554,12.28,38.8,38.8,9.99,261.4,14.19,0.008,182,193.5852,41.1278,-92.81067,-0.2201524,12.34174,285.4917,283.8561,376.4466,152.4574,-92.59052,0.2109245,59.86684,13.53,12.77,0,0.217,0.052,14.26,-11.84945,"1,020.769",0.074,0.914,2.399,46.58118,11.28102,1.785974,1.598107,0.07
2016-08-19 19:30,19.5,18555,12.16,39.56,39.56,9.9,261.3,13.11,0.007,169,201.9588,42.06609,-88.15924,0.04307381,12.39958,285.5496,288.8131,377.0154,159.8927,-88.20232,0.202199,71.6904,13.52,12.62,0,0.216,0.051,13.91,-4.48087,"1,021.844",0.117,0.532,2.527,68.59303,16.72898,1.257214,2.513404,0.115
2016-08-19 19:45,19.75,18556,11.89,40.78,40.78,8.87,266,14.78,0.007,179,80.56612,14.79068,-87.29967,-4.944107,11.83922,284.9892,286.7222,369.0778,65.77544,-82.35557,0.1836008,-16.58013,11.74,11.89,0,0.216,0.051,13.27,-21.25764,"1,021.138",0.044,0.465,2.142,2.696493,0.5570782,2.027481,0.2394581,0.095
2016-08-19 20:00,20,18557,11.88,40.28,40.28,9.12,252.1,18.16,0.007,179,63.48973,12.54338,-85.0154,-6.151268,11.71895,284.8689,288.3753,367.2394,50.94634,-78.86414,0.1990283,-27.91779,11.55,11.83,0,0.216,0.051,12.78,-22.49387,"1,021.503",0.042,0.542,2.344,12.11244,1.905108,1.921181,0.9265368,0.026
2016-08-19 20:15,20.25,18558,11.84,40.36,40.36,8.95,250.3,17.11,0.008,169,53.69101,11.11863,-75.59034,-6.578868,11.65849,284.8085,297.4835,366.4949,42.57238,-69.01147,0.2071272,-26.43908,11.44,11.76,0,0.215,0.05,12.37,-21.7202,"1,021.511",0.044,0.497,2.233,3.325235,0.6619831,4.344659,0.3405817,0.013
2016-08-19 20:30,20.5,18559,11.73,40.72,40.72,6.814,253.9,24.11,0.007,169,22.51865,5.374711,-74.6051,-8.437661,11.49209,284.6421,297.5977,363.7652,17.14393,-66.16744,0.2489836,-49.02351,11.1,11.57,0,0.215,0.05,11.95,-23.96865,"1,021.715",0.057,0.472,2.757,9.693254,1.719374,1.339065,0.9199114,0.079
2016-08-19 20:45,20.75,18560,11.53,41.77,41.77,3.683,298,57.97,0.006,169,5.018025,2.182713,-64.98429,-9.6955,11.21113,284.3611,305.7513,361.0401,2.835313,-55.2888,0.5350681,-52.45348,10.54,11.29,0,0.214,0.049,11.55,-26.56085,"1,021.603",0.078,0.367,2.076,2.86104,0.5182686,2.737333,0.6326382,0.114
2016-08-19 21:00,21,18561,11.51,41.6,41.6,5.95,261.3,28.3,0.008,169,-0.6219631,1.306882,-60.44286,-8.930371,11.05697,284.207,309.4894,361.0019,-1.928845,-51.51249,-0.5372169,-53.44133,10.69,11.32,0,0.214,0.049,11.23,-25.74021,"1,021.688",0.105,0.724,2.838,0.9263524,0.1816394,0.5709599,0.7388894,0.095
2016-08-19 21:15,21.25,18562,11.56,41.27,41.27,8.19,241.4,20.03,0.008,169,-2.63054,0.8499093,-64.38261,-9.258353,11.23498,284.3849,306.4771,361.6013,-3.480449,-55.12426,-0.3307458,-58.6047,10.83,11.36,0,0.214,0.049,10.96,-23.49025,"1,021.691",0.069,0.597,2.87,0.3021814,0.1879539,2.224842,0.4921543,0.03
2016-08-19 21:30,21.5,18563,11.57,41.06,41.06,9.2,232.1,22.58,0.007,170,-3.195765,0.7115268,-67.658,-9.737249,11.2955,284.4455,303.5175,361.4383,-3.907292,-57.92075,-0.227685,-61.82804,10.83,11.37,0,0.213,0.049,10.7,-22.32627,"1,021.652",0.073,0.589,3.066,0.2207217,0.2076479,2.318201,0.4673151,0.038
2016-08-19 21:45,21.75,18564,11.48,41.6,41.6,4.945,227.5,36.3,0.007,178,-3.311795,0.8531349,-62.48908,-10.41179,11.09537,284.2454,307.6431,359.7204,-4.16493,-52.07729,-0.263771,-56.24223,10.67,11.26,0,0.213,0.048,10.5,-22.2104,"1,021.413",0.061,0.442,2.432,0.2550575,0.2477082,0.8577852,0.6603088,0.092
2016-08-19 22:00,22,18565,11.42,42.03,42.03,4.847,230.3,39,0.009,169,-3.184836,0.9716848,-61.96178,-10.65978,10.98486,284.1349,307.595,358.897,-4.15652,-51.302,-0.3195442,-55.45852,10.56,11.18,0,0.213,0.048,10.29,-22.23634,"1,022.052",0.098,0.611,2.441,0.4303567,0.3043126,2.039015,0.9929858,0.043
2016-08-19 22:15,22.25,18566,11.37,42.18,42.18,4.304,217.7,30.1,0.008,169,-2.991431,1.113855,-58.42071,-10.74185,10.88641,284.0364,310.6241,358.303,-4.105286,-47.67886,-0.3922226,-51.78415,10.48,11.13,0,0.212,0.048,10.12,-21.11714,"1,022.092",0.092,0.559,1.982,0.3650266,0.3446096,0.32764,0.8308691,0.043
2016-08-19 22:30,22.5,18567,11.36,41.97,41.97,3.93,224.2,24.11,0.008,168,-2.956086,1.15704,-58.06191,-11.21202,10.85797,284.0079,310.8351,357.685,-4.113126,-46.84989,-0.3978131,-50.96301,10.43,11.13,0,0.212,0.047,9.94,-20.8917,"1,022.172",0.072,0.559,1.676,0.2247115,0.2174792,0.8782638,0.8360258,0.031
2016-08-19 22:45,22.75,18568,11.3,42.03,42.03,2.427,242.3,23.35,0.007,173,-3.021844,1.20908,-56.79916,-12.80638,10.69191,283.8419,311.2361,355.2289,-4.230925,-43.99277,-0.4060793,-48.2237,10.08,10.98,0,0.212,0.047,9.77,-22.17025,"1,022.175",0.116,0.613,0.889,0.2243521,0.2050303,0.9475465,1.011709,0.104
2016-08-19 23:00,23,18569,11.21,42.58,42.58,3.341,234.6,35.73,0.005,170,-2.933248,1.411331,-61.28755,-12.47523,10.56082,283.7108,306.068,354.8803,-4.344579,-48.81232,-0.4902253,-53.1569,9.99,10.87,0,0.211,0.047,9.59,-22.34411,"1,022.138",0.112,0.714,1.052,0.2721849,0.2892708,3.353063,0.854431,0.016
2016-08-19 23:15,23.25,18570,10.76,44.39,44.39,3.612,269.3,15.7,0.007,169,-3.764742,0.6740298,-67.89675,-13.9326,10.32337,283.4734,298.2309,352.195,-4.438772,-53.96415,-0.1882199,-58.40292,9.32,10.35,0,0.211,0.047,9.34,-25.44946,"1,022.103",0.2,0.843,0.976,0.3460931,0.3359776,1.02207,0.7042109,0.119
2016-08-19 23:30,23.5,18571,11.01,43.18,43.18,3.986,238.1,31.53,0.008,169,-3.356922,1.746126,-71.00339,-13.41442,10.23076,283.3807,294.6458,352.2347,-5.103048,-57.58897,-0.5398927,-62.69201,9.65,10.63,0,0.211,0.046,9.11,-25.63717,"1,022.187",0.094,0.428,1.609,0.3654126,0.4847596,0.9767464,1.086404,0.056
2016-08-19 23:45,23.75,18572,10.88,43.71,43.71,3.218,217.9,27.22,0.009,178,-4.359518,1.370368,-76.40646,-15.61682,10.26723,283.4172,289.4318,350.2214,-5.729886,-60.78963,-0.3501396,-66.51952,9.4,10.4,0,0.211,0.046,8.92,-26.27386,"1,022.308",0.226,0.941,2.33,0.8214157,0.5328872,2.075657,2.346673,0.181