TIMESTAMP,time,RECORD,BattVolt,PanTemp_Avg,IRTC_general_Avg,short_in_Avg,short_out_Avg,long_in_raw_Avg,long_out_raw_Avg,cnr4_T_C_Avg,cnr4_T_K_Avg,long_in_corr_Avg,long_out_corr_Avg,net_short_Avg,net_long_Avg,albedo_Avg,net_rad_Avg,VWC_5_Avg,VWC_15_Avg,VWC_30_Avg,SoilTemp_2_Avg,SoilTemp_7_Avg,SoilTemp_15_Avg
2016-07-18 00:00:00,0.00,1003,12.43,4.966465,0.1176388,-1.779086,1.11019,-34.28216,-0.7822779,3.731349,276.8813,298.9586,332.4585,-2.889277,-33.49988,-0.6412343,-36.38916,0.424,0.404,0.494,0.04,-0.616,-0.818
2016-07-18 00:15:00,0.25,1004,12.36,4.666994,-0.411028,-1.487149,1.203565,-32.80409,-0.7266331,3.438379,276.5884,299.0284,331.1059,-2.690714,-32.07746,-0.8210014,-34.76817,0.424,0.404,0.493,-0.492,-1.176,-1.41
2016-07-18 00:30:00,0.50,1005,12.41,4.334533,-0.9911597,-2.498203,1.168385,-42.65781,-2.392694,3.005614,276.1556,287.1035,327.3687,-3.666588,-40.26511,-0.4841151,-43.9317,0.424,0.404,0.493,-1.077,-1.806,-2.077
2016-07-18 00:45:00,0.75,1006,12.35,3.920906,-1.715299,-2.253081,2.038857,-39.19781,-0.8651962,2.585598,275.7356,288.561,326.8936,-4.291938,-38.33262,-0.9156688,-42.62455,0.423,0.404,0.492,-1.808,-2.593,-2.9
2016-07-18 01:00:00,1.00,1007,12.41,3.522952,-2.401298,-2.166822,1.812446,-32.78316,-0.989534,2.303198,275.4532,293.6353,325.4289,-3.979268,-31.79363,-0.8759774,-35.7729,0.419,0.403,0.491,-2.502,-3.336,-3.683
2016-07-18 01:15:00,1.25,1008,12.33,3.187184,-2.941978,-2.261488,1.98564,-30.22408,0.04328917,2.330647,275.4806,296.3244,326.5918,-4.247127,-30.26736,-1.070597,-34.51449,0.417,0.403,0.49,-3.051,-3.918,-4.307
2016-07-18 01:30:00,1.50,1009,12.39,2.897786,-3.42611,-2.27207,1.785068,-28.46569,-0.6877712,1.794508,274.9445,295.5482,323.3261,-4.057139,-27.77792,-1.116086,-31.83506,0.417,0.403,0.49,-3.538,-4.435,-4.869
2016-07-18 01:45:00,1.75,1010,12.3,2.590882,-3.946991,-0.7517652,1.630358,-13.13224,0.56594,1.852482,275.0025,311.1552,324.8534,-2.382123,-13.69818,INF,-16.0803,0.417,0.402,0.489,-4.068,-4.979,-5.444
2016-07-18 02:00:00,2.00,1011,12.39,2.502246,-3.986308,-0.3480431,1.767262,-11.52497,1.380546,2.436442,275.5864,315.5259,328.4314,-2.115305,-12.90552,-7.484375,-15.02083,0.416,0.402,0.488,-4.113,-5,-5.502
2016-07-18 02:15:00,2.25,1012,12.38,2.592661,-3.73579,-2.25271,1.577562,-21.85704,0.02288542,2.602411,275.7524,305.9823,327.8622,-3.830272,-21.87993,-1.128122,-25.7102,0.416,0.402,0.488,-3.858,-4.74,-5.287
2016-07-18 02:30:00,2.50,1013,12.31,2.581456,-3.731826,-1.841051,2.120211,-20.97115,-0.2610138,2.32835,275.4783,305.5662,326.2764,-3.961262,-20.71013,-1.211184,-24.67139,0.415,0.402,0.487,-3.851,-4.755,-5.343
2016-07-18 02:45:00,2.75,1014,12.36,2.500174,-3.835583,-1.733616,1.407346,-16.99798,-0.4768794,2.04783,275.1978,308.2116,324.7327,-3.140963,-16.5211,-1.119615,-19.66206,0.415,0.401,0.487,-3.955,-4.878,-5.49
2016-07-18 03:00:00,3.00,1015,12.25,2.412551,-3.936758,-0.7867252,1.518344,-12.85795,-0.09030503,2.069323,275.2193,312.453,325.2207,-2.305069,-12.76764,-2.203885,-15.07271,0.415,0.4,0.486,-4.058,-4.976,-5.601
2016-07-18 03:15:00,3.25,1016,12.35,2.373859,-3.942392,-0.8038645,1.820096,-13.94125,0.09834515,2.161533,275.3115,311.806,325.8456,-2.62396,-14.0396,-2.37859,-16.66356,0.414,0.4,0.486,-4.063,-4.98,-5.625
2016-07-18 03:30:00,3.50,1017,12.28,2.362012,-3.909324,-2.00983,1.450318,-18.32318,-0.8022298,2.125346,275.2753,307.2532,324.7742,-3.460148,-17.52096,-0.8085135,-20.9811,0.413,0.399,0.485,-4.029,-4.954,-5.616
2016-07-18 03:45:00,3.75,1018,12.34,2.240791,-4.126323,-2.7155,1.514358,-19.77884,-0.7490429,1.564761,274.7147,303.154,322.1838,-4.229859,-19.0298,-0.6080963,-23.25966,0.412,0.396,0.484,-4.246,-5.193,-5.878
2016-07-18 04:00:00,4.00,1019,12.27,1.990251,-4.583931,-2.1239,2.168569,-19.08612,-0.2709195,1.248807,274.3988,302.3628,321.1779,-4.29247,-18.8152,-1.070911,-23.10767,0.412,0.393,0.484,-4.708,-5.668,-6.347
2016-07-18 04:15:00,4.25,1020,12.33,1.708741,-5.063563,-1.959809,2.271617,-18.13495,-0.06185538,1.084573,274.2346,302.545,320.6181,-4.231425,-18.07309,-1.310984,-22.30452,0.411,0.392,0.483,-5.194,-6.174,-6.875
2016-07-18 04:30:00,4.50,1021,12.26,1.478141,-5.416207,-1.834289,1.887199,-15.89785,0.04082609,1.021634,274.1716,304.4879,320.4265,-3.721488,-15.93868,-1.096801,-19.66016,0.41,0.392,0.482,-5.552,-6.559,-7.294
2016-07-18 04:45:00,4.75,1022,12.31,1.334177,-5.590594,-0.9357764,2.138292,-12.95322,-0.1676344,1.090734,274.2407,307.7557,320.5412,-3.074068,-12.78559,-2.939793,-15.85966,0.41,0.391,0.481,-5.731,-6.761,-7.534
2016-07-18 05:00:00,5.00,1023,12.31,1.2877,-5.609475,-0.6094612,1.921111,-11.04932,-0.1719653,1.363252,274.5132,310.9366,321.814,-2.530572,-10.87735,NAN,-13.40792,0.409,0.391,0.478,-5.751,-6.758,-7.546
2016-07-18 05:15:00,5.25,1024,12.2,1.342427,-5.444758,-0.9127141,2.293873,-12.16567,-0.08660123,1.69977,274.8498,311.4023,323.4814,-3.206587,-12.07907,-4.128051,-15.28566,0.409,0.39,0.477,-5.584,-6.564,-7.361
2016-07-18 05:30:00,5.50,1025,12.3,1.474297,-5.143223,-2.271692,1.074211,-14.65282,-0.505376,1.701608,274.8516,308.9248,323.0723,-3.345903,-14.14744,-1.03821,-17.49335,0.408,0.39,0.476,-5.277,-6.246,-7.055
2016-07-18 05:45:00,5.75,1026,12.23,1.46479,-5.162384,-0.2346834,2.392559,-15.65672,-0.3167097,1.245996,274.396,305.7791,321.1191,-2.627242,-15.34001,-0.6176185,-17.96725,0.408,0.389,0.474,-5.295,-6.263,-7.085
2016-07-18 06:00:00,6.00,1027,12.3,1.349585,-5.33344,2.671853,2.754908,-15.36281,-0.1564998,1.098741,274.2487,305.3835,320.5898,-0.08305508,-15.20631,1.392471,-15.28937,0.407,0.388,0.473,-5.466,-6.46,-7.313
2016-07-18 06:15:00,6.25,1028,12.21,1.259511,-5.431023,7.076876,3.145557,-14.87829,-0.3717677,1.334293,274.4843,306.9717,321.4782,3.931319,-14.50652,0.4510339,-10.57521,0.407,0.387,0.471,-5.567,-6.567,-7.429
2016-07-18 06:30:00,6.50,1029,12.3,1.22714,-5.44456,13.24373,3.998601,-14.83408,-0.1565015,1.303332,274.4533,306.8704,321.548,9.245127,-14.67758,0.3041712,-5.432454,0.407,0.386,0.47,-5.58,-6.574,-7.447
2016-07-18 06:45:00,6.75,1030,12.25,1.225373,-5.391981,19.01557,4.832396,-14.59622,-0.4855854,1.583058,274.7331,308.4221,322.5327,14.18317,-14.11063,0.2553071,0.07253768,0.406,0.386,0.47,-5.527,-6.51,-7.389
2016-07-18 07:00:00,7.00,1031,12.31,1.294341,-5.210621,23.73067,5.212336,-14.35046,-0.6086812,1.800427,274.9504,309.6914,323.4332,18.51834,-13.74178,0.21938,4.776561,0.406,0.385,0.469,-5.344,-6.31,-7.194
2016-07-18 07:15:00,7.25,1032,12.25,1.424914,-4.904441,28.66426,6.23397,-14.40772,-1.070756,2.29493,275.4449,311.9725,325.3094,22.43029,-13.33697,0.2176487,9.093323,0.406,0.385,0.468,-5.035,-5.975,-6.862
2016-07-18 07:30:00,7.50,1033,12.32,1.669732,-4.375732,33.15796,6.915035,-14.39045,-1.546414,2.908975,276.059,314.9099,327.7539,26.24292,-12.84403,0.2084979,13.39889,0.405,0.385,0.467,-4.5,-5.413,-6.3
2016-07-18 07:45:00,7.75,1034,12.35,2.061059,-3.472503,162.2614,17.67645,-14.60964,-2.876861,4.18423,277.3342,320.8244,332.5571,144.5849,-11.73277,0.1090435,132.8521,0.405,0.384,0.466,-3.594,-4.492,-5.387
2016-07-18 08:00:00,8.00,1035,12.31,3.047114,-1.102706,238.7315,29.21325,-16.16664,-3.530519,6.100758,279.2507,328.6348,341.2709,209.5182,-12.63612,0.1222226,196.8821,0.4,0.384,0.466,-1.209,-2.146,-3.07
2016-07-18 08:15:00,8.25,1036,12.46,4.460821,1.737892,280.8228,37.12559,-20.9318,-2.995838,7.359149,280.5091,330.1213,348.0572,243.6973,-17.93596,0.1321089,225.7613,0.398,0.384,0.465,1.663,0.816,-0.103
2016-07-18 08:30:00,8.50,1037,12.54,5.803973,4.227669,326.6729,45.20283,-28.8087,-2.84029,8.15323,281.3032,326.2364,352.2048,281.4701,-25.96841,0.1383351,255.5017,0.398,0.384,0.465,4.176,3.468,2.59
2016-07-18 08:45:00,8.75,1038,12.96,7.052796,6.498034,369.7048,54.01438,-42.84487,-2.966152,8.556824,281.7068,314.2411,354.1198,315.6905,-39.87872,0.1459337,275.8117,0.398,0.384,0.465,6.466,5.874,5.056
2016-07-18 09:00:00,9.00,1039,13.21,8.118613,8.358056,411.4995,66.5433,-64.02766,-2.294441,8.865806,282.0158,294.6295,356.3628,344.9562,-61.73322,0.1616824,283.223,0.397,0.384,0.464,8.34,7.878,7.125
2016-07-18 09:15:00,9.25,1040,13.71,9.026366,10.05501,448.6664,73.22778,-73.86136,-1.46335,10.13442,283.2844,291.2941,363.6921,375.4387,-72.39801,0.163211,303.0407,0.397,0.383,0.464,10.05,9.62,8.94
2016-07-18 09:30:00,9.50,1041,13.98,9.902906,11.66071,488.7586,80.43614,-80.06158,-0.6460242,11.03142,284.1814,289.7406,369.1562,408.3224,-79.41555,0.1645691,328.9069,0.397,0.382,0.463,11.66,11.3,10.67
2016-07-18 09:45:00,9.75,1042,13.95,10.80357,13.357,532.0059,86.30995,-87.96355,-0.9463965,12.36432,285.5143,288.8258,375.843,445.696,-87.01715,0.1622695,358.6788,0.397,0.382,0.46,13.36,13.05,12.49
2016-07-18 10:00:00,10.00,1043,13.94,11.76882,15.08617,578.2725,92.06377,-95.28898,-2.271576,13.05131,286.2013,285.1365,378.1539,486.2087,-93.0174,0.1592053,393.1913,0.397,0.381,0.459,15.1,14.87,14.39
2016-07-18 10:15:00,10.25,1044,13.92,12.5466,16.37115,625.8291,99.35691,-96.50443,0.5939704,13.36812,286.5181,285.6091,382.7075,526.4721,-97.0984,0.1587572,429.3737,0.397,0.38,0.458,16.39,16.28,15.89
2016-07-18 10:30:00,10.50,1045,13.9,13.1932,17.42544,669.1534,106.4139,-95.64649,2.786164,13.82512,286.9751,288.9121,387.3448,562.7394,-98.43266,0.1590178,464.3068,0.397,0.379,0.458,17.44,17.45,17.17
2016-07-18 10:45:00,10.75,1046,13.77,13.79801,18.37525,735.0156,117.5045,-91.15437,5.091325,14.60823,287.7582,297.6187,393.8643,617.511,-96.24568,0.1598462,521.2654,0.397,0.379,0.458,18.39,18.53,18.37
2016-07-18 11:00:00,11.00,1047,13.88,14.50598,19.51372,822.0558,132.104,-85.66417,7.550814,16.07686,289.2268,311.1092,404.3241,689.9518,-93.21497,0.1606791,596.7369,0.397,0.379,0.457,19.52,19.87,19.84
2016-07-18 11:15:00,11.25,1048,13.72,15.34043,20.84656,664.0081,104.642,-88.985,2.222293,16.6617,289.8117,311.0036,402.2109,559.3661,-91.20729,0.1557222,468.1588,0.396,0.378,0.457,20.86,21.35,21.46
2016-07-18 11:30:00,11.50,1049,13.82,15.89853,21.50415,793.5331,125.9385,-88.99513,6.859917,17.07319,290.2232,313.2707,409.1257,667.5945,-95.85505,0.157307,571.7395,0.395,0.378,0.457,21.51,22.21,22.45
2016-07-18 11:45:00,11.75,1050,13.94,17.14894,24.17375,681.6494,105.5181,-86.07781,3.184293,17.87856,291.0285,320.672,409.9341,576.1312,-89.26211,0.1512324,486.8691,0.393,0.378,0.456,24.15,24.98,25.42
2016-07-18 12:00:00,12.00,1051,13.77,17.8765,24.7269,870.5359,137.6791,-90.65699,9.22665,18.18716,291.3372,317.8331,417.7167,732.8569,-99.88364,0.1565064,632.9733,0.393,0.377,0.456,24.73,25.76,26.28
2016-07-18 12:15:00,12.25,1052,13.93,18.22878,25.06404,810.7726,125.5914,-102.4022,4.488815,19.22631,292.3763,311.9342,418.8252,685.1813,-106.891,0.1519636,578.2903,0.393,0.377,0.455,25.06,26.31,26.9
2016-07-18 12:30:00,12.50,1053,13.77,18.44658,25.122,558.7334,84.27768,-93.31649,0.1106124,18.96105,292.111,319.5255,412.9526,474.4557,-93.42711,0.1430817,381.0286,0.393,0.377,0.455,25.12,26.49,27.19
2016-07-18 12:45:00,12.75,1054,13.69,18.19501,24.42299,421.6246,63.97824,-78.76396,0.2793016,16.78458,289.9346,321.9063,400.9495,357.6463,-79.04327,0.1491308,278.6031,0.392,0.376,0.455,24.44,25.67,26.46
2016-07-18 13:00:00,13.00,1055,13.85,17.64637,23.22078,471.7884,73.50455,-71.88796,6.956689,16.6559,289.8059,328.0698,406.9145,398.2838,-78.84465,0.1518193,319.4392,0.392,0.376,0.454,23.24,24.43,25.31
2016-07-18 13:15:00,13.25,1056,13.9,17.35864,22.56854,717.728,113.4295,-68.08942,13.93779,17.69375,290.8437,337.6514,419.6786,604.2985,-82.02722,0.1546877,522.2712,0.391,0.376,0.454,22.58,23.82,24.77
2016-07-18 13:30:00,13.50,1057,13.64,17.4925,22.69731,606.4691,94.1523,-77.89825,5.857691,18.26385,291.4138,331.012,414.7679,512.3168,-83.75594,0.1512122,428.5609,0.391,0.375,0.454,22.71,24.04,25.03
2016-07-18 13:45:00,13.75,1058,13.79,17.60163,22.64734,543.6032,82.05543,-86.84489,4.544601,18.7581,291.9081,324.8496,416.2391,461.5478,-91.38949,0.1460253,370.1583,0.391,0.375,0.453,22.65,24.11,25.16
2016-07-18 14:00:00,14.00,1059,13.73,17.55227,22.19765,619.7448,97.64399,-78.97766,9.454952,18.07207,291.222,328.8562,417.2888,522.1009,-88.43261,0.1545213,433.6682,0.391,0.375,0.453,22.21,23.83,24.93
2016-07-18 14:15:00,14.25,1060,13.98,17.5906,21.72425,775.8417,122.5827,-91.26527,10.27985,20.24753,293.3975,328.8936,430.4388,653.2591,-101.5451,0.153977,551.7139,0.391,0.374,0.453,21.73,23.83,25.01
2016-07-18 14:30:00,14.50,1061,13.65,17.80831,21.66546,593.9744,91.68824,-94.38761,2.724906,20.45382,293.6038,326.9524,424.0649,502.2862,-97.11251,0.1497893,405.1736,0.391,0.374,0.452,21.67,24.08,25.33
2016-07-18 14:45:00,14.75,1062,13.75,17.89739,21.48355,672.8644,108.2369,-87.3034,7.354548,19.59996,292.75,329.1572,423.8152,564.6275,-94.65795,0.1558348,469.9695,0.391,0.374,0.452,21.5,24.03,25.37
2016-07-18 15:00:00,15.00,1063,13.64,18.07204,21.20727,787.6567,126.4059,-90.47742,8.296801,21.79161,294.9416,338.5962,437.3704,661.2507,-98.77422,0.1566497,562.4765,0.39,0.373,0.452,21.21,24.27,25.74
2016-07-18 15:15:00,15.25,1064,13.71,18.48641,22.05351,445.3348,68.71329,-91.11798,-3.680608,20.84714,293.9971,332.4919,419.9294,376.6215,-87.43738,0.1461326,289.1841,0.389,0.373,0.452,22.05,24.93,26.45
2016-07-18 15:30:00,15.50,1065,13.67,18.73424,22.06654,693.8138,113.3691,-102.3841,6.018525,21.27996,294.43,323.7172,432.1198,580.4448,-108.4026,0.1568342,472.0421,0.389,0.373,0.451,22.07,25.22,26.83
2016-07-18 15:45:00,15.75,1066,13.73,19.02797,22.45527,743.5236,124.357,-91.77074,9.170629,21.14397,294.294,333.5487,434.4901,619.1666,-100.9414,0.1619001,518.2253,0.389,0.373,0.451,22.46,25.66,27.32
2016-07-18 16:00:00,16.00,1067,13.74,19.45638,22.95817,660.9278,109.2839,-102.2143,3.683506,22.21456,295.3645,329.3217,435.2195,551.6439,-105.8978,0.1595511,445.7461,0.389,0.372,0.451,22.95,26.41,28.14
2016-07-18 16:15:00,16.25,1068,13.61,19.81249,23.47353,557.9594,93.11932,-98.00394,-0.3484843,21.67868,294.8287,330.4103,428.0658,464.8401,-97.65545,0.1591892,367.1846,0.389,0.371,0.451,23.47,26.89,28.67
2016-07-18 16:30:00,16.50,1069,13.72,20.03013,23.49313,848.9769,149.7859,-97.31522,14.73649,21.95174,295.1017,332.7029,444.7545,699.191,-112.0517,0.1737083,587.1393,0.388,0.369,0.451,23.49,27.17,29.01
2016-07-18 16:45:00,16.75,1070,13.62,20.52246,24.25805,689.6241,120.9906,-109.4229,3.78089,22.97002,296.12,326.5484,439.7522,568.6335,-113.2037,0.1688359,455.4298,0.388,0.369,0.45,24.24,28.06,29.96
2016-07-18 17:00:00,17.00,1071,13.79,21.0094,24.86572,612.2341,107.7452,-115.5206,0.3089222,22.8303,295.9803,319.634,435.4635,504.4889,-115.8295,0.1651347,388.6594,0.388,0.368,0.45,24.85,28.83,30.8
2016-07-18 17:15:00,17.25,1072,13.57,21.10078,25.00713,568.2065,104.8174,-105.0099,2.600193,21.01214,294.1621,319.5464,427.1566,463.3891,-107.6101,0.1735239,355.779,0.388,0.368,0.45,25.01,28.72,30.73
2016-07-18 17:30:00,17.50,1073,13.7,21.00821,24.88941,420.7044,75.92082,-105.0089,-2.55328,20.98986,294.1398,319.417,421.8727,344.7835,-102.4557,0.1747085,242.3279,0.388,0.368,0.45,24.88,28.41,30.47
2016-07-18 17:45:00,17.75,1074,13.64,20.77777,24.61798,350.3065,61.84763,-94.54936,-5.542149,20.10873,293.2587,324.813,413.8202,288.4588,-89.00721,0.1763795,199.4516,0.388,0.368,0.45,24.61,27.79,29.87
2016-07-18 18:00:00,18.00,1075,13.76,20.365,24.19534,285.74,49.7947,-82.65316,-6.208231,18.85057,292.0005,329.5579,406.0028,235.9453,-76.44493,0.1743304,159.5004,0.388,0.367,0.451,24.2,26.89,28.95
2016-07-18 18:15:00,18.25,1076,13.68,19.79213,23.43278,234.4979,40.75541,-77.82406,-6.458008,18.3753,291.5253,331.7086,403.0746,193.7425,-71.36605,0.1736946,122.3764,0.387,0.366,0.451,23.44,25.75,27.77
2016-07-18 18:30:00,18.50,1077,13.77,19.21254,22.62905,177.6451,30.35782,-66.71047,-6.971669,17.74244,290.8924,339.2778,399.0166,147.2873,-59.7388,0.1709309,87.54846,0.387,0.366,0.451,22.64,24.6,26.55
2016-07-18 18:45:00,18.75,1078,13.1,18.64314,21.81177,112.1782,18.67018,-50.5733,-8.512796,17.06505,290.215,351.6479,393.7084,93.50803,-42.0605,0.1653188,51.44753,0.387,0.366,0.45,21.82,23.49,25.36
2016-07-18 19:00:00,19.00,1079,12.87,18.00542,20.87495,80.29119,11.56843,-45.23183,-8.03915,15.37747,288.5275,347.7266,384.9192,68.72276,-37.19268,0.1445293,31.53008,0.386,0.365,0.45,20.89,22.24,24.01
2016-07-18 19:15:00,19.25,1080,12.81,17.02866,19.18143,70.45494,13.62641,-71.55397,-4.524338,13.93573,287.0857,313.5961,380.6257,56.82853,-67.02963,0.1952981,-10.2011,0.386,0.365,0.45,19.21,20.32,22.01
2016-07-18 19:30:00,19.50,1081,13.76,16.07747,17.60724,157.0294,35.12279,-84.6153,-4.08767,14.40048,287.5504,303.0384,383.566,121.9067,-80.52763,0.2159,41.37902,0.386,0.365,0.45,17.63,18.52,20.1
2016-07-18 19:45:00,19.75,1082,13.3,15.60567,16.87732,146.467,28.80762,-77.54935,-6.127777,15.0817,288.2317,313.7869,385.2085,117.6594,-71.42157,0.1969164,46.23779,0.385,0.364,0.45,16.89,17.7,19.16
2016-07-18 20:00:00,20.00,1083,13.03,15.38869,16.62125,104.6741,20.62883,-75.24163,-9.421037,15.03196,288.1819,315.8248,381.6454,84.04523,-65.82059,0.1969954,18.22464,0.385,0.364,0.45,16.63,17.35,18.7
2016-07-18 20:15:00,20.25,1084,12.95,15.16117,16.29861,84.17834,16.52437,-68.29208,-9.321716,14.65369,287.8037,320.7252,379.6955,67.65398,-58.97037,0.1965822,8.683605,0.384,0.364,0.45,16.31,16.94,18.21
2016-07-18 20:30:00,20.50,1085,12.7,14.86136,15.83853,48.48206,9.195056,-63.90494,-11.10789,14.00754,287.1575,321.6325,374.4296,39.28701,-52.79705,0.1892646,-13.51004,0.384,0.364,0.45,15.85,16.38,17.57
2016-07-18 20:45:00,20.75,1086,12.72,14.45532,15.18248,47.54943,9.686802,-57.53328,-9.557518,13.44313,286.5931,324.9805,372.9562,37.86263,-47.97577,0.2040033,-10.11314,0.384,0.363,0.45,15.19,15.62,16.74
2016-07-18 21:00:00,21.00,1087,12.5,14.04731,14.54804,25.36626,5.975163,-43.12803,-9.220958,13.119,286.269,337.658,371.5651,19.3911,-33.90707,0.2286779,-14.51596,0.384,0.363,0.45,14.56,14.88,15.93
2016-07-18 21:15:00,21.25,1088,12.58,13.65791,13.92556,11.7722,2.08872,-39.04999,-8.643304,12.33816,285.4882,337.5999,368.0066,9.683478,-30.40668,0.1767844,-20.72321,0.383,0.363,0.45,13.94,14.16,15.14
2016-07-18 21:30:00,21.50,1089,12.56,13.17208,13.13065,1.197748,2.152769,-22.34638,-4.885111,11.47734,284.6273,349.7812,367.2425,-0.9550207,-17.46127,-0.2671353,-18.41629,0.383,0.363,0.45,13.14,13.26,14.17
2016-07-18 21:45:00,21.75,1090,12.47,12.57917,12.15866,-5.172448,2.446899,-15.04998,-2.387642,10.52766,283.6776,352.1354,364.7977,-7.619347,-12.66234,-0.4723172,-20.28168,0.383,0.362,0.45,12.17,12.18,12.99
2016-07-18 22:00:00,22.00,1091,12.53,11.94357,11.09023,-4.427627,2.042278,-8.54968,-0.4555399,9.49613,282.6461,353.3289,361.4231,-6.469905,-8.094141,-0.4643438,-14.56405,0.384,0.364,0.452,11.09,10.98,11.74
2016-07-18 22:15:00,22.25,1092,12.44,11.17574,9.827592,-2.672568,2.220747,-8.789431,2.319253,8.447335,281.5973,347.742,358.8507,-4.893315,-11.10868,-0.8675325,-16.002,0.386,0.366,0.454,9.83,9.53,10.22
2016-07-18 22:30:00,22.50,1093,12.52,10.42749,8.538976,-1.789287,0.9732488,-18.38063,2.870764,7.998725,281.1487,335.8842,357.1356,-2.762536,-21.2514,-0.544585,-24.01393,0.387,0.368,0.455,8.53,8.17,8.77
2016-07-18 22:45:00,22.75,1094,12.46,9.757353,7.29739,-3.204215,1.546347,-40.95217,0.4914578,7.354655,280.5046,310.0782,351.5219,-4.750562,-41.44363,-0.4836993,-46.19418,0.386,0.369,0.454,7.279,6.919,7.426
2016-07-18 23:00:00,23.00,1095,12.5,9.029636,5.953316,-3.365424,1.722947,-47.54033,-1.224082,6.536192,279.6862,299.411,345.7273,-5.088371,-46.31625,-0.5303136,-51.40462,0.385,0.369,0.453,5.925,5.514,5.948
2016-07-18 23:15:00,23.25,1096,12.38,8.269241,4.5818,-2.99102,1.632362,-45.75558,-1.93884,5.88266,279.0327,297.9636,341.7803,-4.623382,-43.81675,-0.5871532,-48.44012,0.385,0.37,0.453,4.543,4.06,4.423
2016-07-18 23:30:00,23.50,1097,12.49,7.605465,3.462352,-2.738501,5.36623,-41.252,1.98163,6.132765,279.2827,303.7041,346.9377,-8.104732,-43.23363,-1.982673,-51.33836,0.385,0.37,0.453,3.409,2.853,3.151
2016-07-18 23:45:00,23.75,1098,12.42,7.259083,2.949977,-2.367254,3.0903,-28.04625,1.062876,6.553547,279.7036,318.9901,348.0992,-5.457554,-29.10913,-1.479506,-34.56668,0.385,0.37,0.453,2.887,2.295,2.519
2016-07-19 00:00:00,0.00,1099,12.48,7.140666,2.834552,-1.879989,4.30892,-27.06921,1.708406,6.940224,280.0902,321.8907,350.6683,-6.188909,-28.77761,-2.425136,-34.96652,0.385,0.369,0.452,2.768,2.168,2.328
2016-07-19 00:15:00,0.25,1100,12.47,7.16365,2.994553,-3.285222,4.583927,-48.50465,-1.435117,7.223872,280.3738,301.8704,348.9399,-7.869149,-47.06953,-1.423097,-54.93868,0.385,0.369,0.452,2.929,2.304,2.398
2016-07-19 00:30:00,1.00,1101,12.39,7.177625,3.118651,-3.850239,5.366666,-55.74015,-2.236438,7.244596,280.3946,294.739,348.2427,-9.216906,-53.50371,-1.417608,-62.72062,0.384,0.369,0.452,3.055,2.384,2.416
2016-07-19 00:45:00,1.00,1102,12.46,7.198902,3.271111,-3.923373,5.392517,-60.33026,-4.50997,7.508203,280.6582,291.4685,347.2887,-9.315889,-55.82029,-1.398894,-65.13618,0.384,0.368,0.452,3.208,2.493,2.481
2016-07-19 01:00:00,1.00,1103,12.4,7.186309,3.296245,-3.814613,3.104959,-59.86572,-5.395966,6.938802,280.0888,289.0879,343.5577,-6.919573,-54.46976,-0.8325418,-61.38933,0.384,0.368,0.452,3.239,2.509,2.448
2016-07-19 01:15:00,1.00,1104,12.46,7.02055,3.02576,-2.831491,2.547301,-53.18442,-3.371036,6.291152,279.4411,292.552,342.3654,-5.378792,-49.81338,-1.060099,-55.19217,0.383,0.368,0.451,2.968,2.244,2.158
2016-07-19 01:30:00,1.00,1105,12.39,6.785412,2.648141,-2.053309,1.760284,-39.49827,-0.9911718,5.885776,279.0358,304.2359,342.743,-3.813594,-38.5071,-0.9612178,-42.32069,0.382,0.367,0.451,2.587,1.86,1.738
2016-07-19 01:45:00,1.00,1106,12.44,6.545293,2.278609,-1.955168,2.083045,-46.20605,-1.782042,5.608304,278.7583,296.1629,340.5869,-4.038213,-44.42401,-1.389736,-48.46222,0.382,0.367,0.451,2.215,1.481,1.322
2016-07-19 02:00:00,1.00,1107,12.37,6.273551,1.831654,-2.686348,1.413885,-54.18193,-2.997129,5.213705,278.3637,286.2531,337.4378,-4.100233,-51.1848,-0.5517206,-55.28504,0.381,0.367,0.451,1.766,1.01,0.819
2016-07-19 02:15:00,1.00,1108,12.43,5.93176,1.231031,-2.428407,1.534482,-53.27147,-3.895668,4.680383,277.8304,284.562,333.9378,-3.962889,-49.3758,-0.7423543,-53.33869,0.381,0.366,0.451,1.162,0.376,0.152
2016-07-19 02:30:00,1.00,1109,12.33,5.550567,0.5663481,-1.753973,1.823926,-43.69319,-1.689402,4.486006,277.636,293.1953,335.1991,-3.577899,-42.00379,-1.130823,-45.58169,0.381,0.366,0.451,0.49,-0.323,-0.58
2016-07-19 02:45:00,1.00,1110,12.42,5.281429,0.130337,-0.9911892,2.021365,-32.0703,0.7235202,4.63645,277.7864,305.5491,338.343,-3.012554,-32.79382,-2.792681,-35.80638,0.381,0.366,0.451,0.047,-0.774,-1.059
2016-07-19 03:00:00,1.00,1111,12.41,5.149913,-0.02437392,-1.924071,1.416408,-45.14607,-1.05561,4.556789,277.7068,292.0862,336.1766,-3.34048,-44.09046,-0.7619289,-47.43094,0.38,0.366,0.451,-0.11,-0.946,-1.27
2016-07-19 03:15:00,1.00,1112,12.33,5.003125,-0.2666519,-2.207808,1.941908,-52.69498,-2.037656,4.393592,277.5436,283.7455,334.4028,-4.149716,-50.65732,-0.9216491,-54.80704,0.38,0.366,0.45,-0.354,-1.196,-1.543
2016-07-19 03:30:00,1.00,1113,12.4,4.79369,-0.6166201,-2.711354,1.353217,-58.17796,-4.471133,3.960047,277.11,276.1656,329.8724,-4.064571,-53.70683,-0.5101542,-57.77139,0.38,0.365,0.45,-0.705,-1.587,-1.961
2016-07-19 03:45:00,1.00,1114,12.33,4.507122,-1.094645,-2.258631,1.863284,-52.95661,-1.570804,3.675054,276.825,280.013,331.3989,-4.121915,-51.38581,-0.8580052,-55.50772,0.38,0.365,0.45,-1.187,-2.103,-2.506
2016-07-19 04:00:00,1.00,1115,12.38,4.239225,-1.524649,-2.015475,1.706466,-48.14523,-2.171959,3.420699,276.5707,283.6024,329.5757,-3.721941,-45.97326,-1.189006,-49.69521,0.38,0.365,0.45,-1.621,-2.568,-3.002
2016-07-19 04:15:00,1.00,1116,12.32,4.010923,-1.866748,-0.7945291,2.193865,-33.05109,-0.4990824,3.593927,276.7439,299.529,332.081,-2.988394,-32.55201,-0.7499474,-35.54041,0.38,0.365,0.45,-1.97,-2.927,-3.391
2016-07-19 04:30:00,1.00,1117,12.37,3.997709,-1.760466,-0.2320033,4.395792,-31.99798,0.06122777,4.43578,277.5858,304.6494,336.7086,-4.627796,-32.05921,-2.810255,-36.68701,0.379,0.365,0.45,-1.867,-2.807,-3.301
2016-07-19 04:45:00,1.00,1118,12.3,4.214865,-1.268862,-2.369124,1.749721,-40.00654,-2.329091,4.711938,277.8619,297.9802,335.6577,-4.118845,-37.67745,-0.8063474,-41.79629,0.379,0.365,0.45,-1.371,-2.288,-2.812
2016-07-19 05:00:00,1.00,1119,12.36,4.39978,-0.9032382,-0.008569834,3.116282,-14.53388,1.483628,4.868132,278.0181,324.2159,340.2335,-3.124851,-16.0175,INF,-19.14235,0.379,0.364,0.45,-1.001,-1.871,-2.412
2016-07-19 05:15:00,1.00,1120,12.29,4.710543,-0.2118642,-1.864177,2.629412,-33.23395,-2.360532,5.768243,278.9182,309.9214,340.7948,-4.493588,-30.87341,-1.124117,-35.367,0.379,0.364,0.45,-0.304,-1.13,-1.679
2016-07-19 05:30:00,1.00,1121,12.35,5.018087,0.3510204,-1.264728,1.843498,-30.54161,-2.622072,5.675483,278.8255,312.1575,340.077,-3.108226,-27.91954,INF,-31.02777,0.378,0.364,0.45,0.267,-0.511,-1.067
2016-07-19 05:45:00,1.00,1122,12.34,5.262413,0.835719,0.7186804,2.79867,-17.04458,-2.294885,6.052101,279.2021,327.5103,342.2599,-2.079989,-14.7497,2.977169,-16.82969,0.378,0.364,0.45,0.755,0.027,-0.527
2016-07-19 06:00:00,6.00,1123,12.28,5.598393,1.534374,5.692982,4.244597,-20.74304,-3.418413,7.062435,280.2124,328.8264,346.151,1.448385,-17.32463,0.7208395,-15.87624,0.377,0.364,0.45,1.458,0.777,0.232
2016-07-19 06:15:00,6.25,1124,12.35,5.981504,2.235369,8.596375,3.789406,-32.76318,-3.347837,6.86702,280.017,315.8316,345.2469,4.80697,-29.41535,0.4176649,-24.60838,0.377,0.364,0.45,2.169,1.529,0.986
2016-07-19 06:30:00,6.50,1125,12.3,6.247785,2.734277,16.46119,5.919631,-27.09003,-3.39351,7.280331,280.4303,323.5676,347.2641,10.54156,-23.69652,0.3695415,-13.15496,0.377,0.364,0.45,2.674,2.065,1.533
2016-07-19 06:45:00,6.75,1126,12.38,6.553395,3.327873,31.28772,9.087019,-34.33812,-4.347522,7.966789,281.1168,319.7666,349.7572,22.2007,-29.99059,0.2931907,-7.789895,0.377,0.364,0.45,3.271,2.699,2.185
2016-07-19 07:00:00,7.00,1127,12.32,6.903372,3.976614,49.61062,11.62028,-34.96362,-5.302739,8.396568,281.5465,321.3108,350.9717,37.99035,-29.66088,0.234925,8.329464,0.377,0.364,0.45,3.925,3.405,2.908
2016-07-19 07:15:00,7.25,1128,12.49,7.2786,4.687908,68.64385,14.62192,-39.55323,-6.166337,9.056747,282.2067,320.0748,353.4617,54.02193,-33.38689,0.2130981,20.63504,0.377,0.364,0.45,4.64,4.171,3.688
2016-07-19 07:30:00,7.50,1129,12.53,7.69173,5.455232,99.71078,19.27722,-39.58852,-6.07467,9.562809,282.7128,322.6263,356.1401,80.43356,-33.51385,0.1932964,46.9197,0.377,0.364,0.449,5.414,5.004,4.537
2016-07-19 07:45:00,7.75,1130,12.67,8.140189,6.338072,101.7157,18.83552,-39.31897,-7.694341,9.988642,283.1386,325.0822,356.7068,82.88017,-31.62463,0.1853565,51.25554,0.377,0.364,0.449,6.301,5.927,5.48
2016-07-19 08:00:00,8.00,1131,12.72,8.595449,7.222652,127.7751,22.66963,-41.09458,-7.450473,10.311,283.461,324.969,358.6131,105.1054,-33.6441,0.1777307,71.46133,0.377,0.363,0.449,7.194,6.857,6.431
2016-07-19 08:15:00,8.25,1132,12.96,9.062569,8.136456,173.9047,29.65979,-38.77575,-6.966166,10.67482,283.8248,329.1711,360.9807,144.2449,-31.80959,0.1730091,112.4353,0.377,0.363,0.449,8.11,7.824,7.423
2016-07-19 08:30:00,8.50,1133,13.07,9.663972,9.45425,264.2504,42.58581,-39.82378,-7.442574,11.60662,284.7566,332.9805,365.3617,221.6646,-32.38121,0.1618151,189.2834,0.377,0.363,0.449,9.43,9.15,8.76
2016-07-19 08:45:00,8.75,1134,13.07,10.51902,11.22759,325.5541,51.85838,-47.83966,-8.663117,12.60331,285.7533,330.2114,369.3879,273.6957,-39.17655,0.158275,234.5192,0.377,0.363,0.449,11.21,10.97,10.59
2016-07-19 09:00:00,9.00,1135,13.22,11.32205,12.66607,241.6644,38.81402,-39.22925,-9.047726,12.29702,285.447,337.202,367.3835,202.8504,-30.18153,0.1599663,172.6689,0.377,0.362,0.449,12.67,12.49,12.13
2016-07-19 09:15:00,9.25,1136,13.43,11.75129,13.3964,306.1194,50.24509,-35.19263,-6.278259,12.34147,285.4915,341.4734,370.3878,255.8743,-28.91437,0.1625818,226.9599,0.377,0.362,0.449,13.4,13.28,12.96
2016-07-19 09:30:00,9.50,1137,13.39,12.1343,14.05656,296.1808,48.59631,-40.00608,-5.431911,12.46771,285.6177,337.3265,371.9006,247.5844,-34.57417,0.1620869,213.0103,0.377,0.362,0.449,14.07,14.01,13.73
2016-07-19 09:45:00,9.75,1138,13.34,12.42887,14.5396,287.1129,46.6301,-43.72792,-5.51831,12.60188,285.7519,334.3138,372.5234,240.4828,-38.20961,0.1606544,202.2732,0.377,0.362,0.449,14.55,14.56,14.31
2016-07-19 10:00:00,10.00,1139,13.81,12.62691,14.82083,353.991,57.90813,-55.39259,-3.104632,12.69149,285.8415,323.1242,375.4121,296.0829,-52.28796,0.161082,243.7949,0.377,0.361,0.449,14.84,14.89,14.67
2016-07-19 10:15:00,10.25,1140,13.81,12.87921,15.30162,624.027,104.7818,-67.70528,2.809761,13.87565,287.0256,317.1453,387.6603,519.2451,-70.51503,0.1660265,448.7301,0.377,0.361,0.449,15.31,15.42,15.23
2016-07-19 10:30:00,10.50,1141,13.92,13.70825,17.05794,543.8847,86.65836,-56.27613,-2.367732,15.24982,288.3998,335.9758,389.8842,457.2263,-53.90841,0.1557032,403.3179,0.378,0.361,0.448,17.06,17.23,17.05
2016-07-19 10:45:00,10.75,1142,13.78,14.21907,17.67904,255.7717,38.60354,-49.60547,-6.261243,13.66912,286.8191,334.123,377.4672,217.1681,-43.34423,0.1500747,173.8239,0.378,0.361,0.448,17.7,17.98,17.87
2016-07-19 11:00:00,11.00,1143,14,14.09757,17.24919,418.0449,68.17825,-62.25819,0.2657486,13.19406,286.344,318.927,381.4509,349.8666,-62.52394,0.1598856,287.3427,0.378,0.361,0.448,17.27,17.58,17.53
2016-07-19 11:15:00,11.25,1144,13.85,14.38951,18.0193,606.7852,98.50005,-63.87618,5.703125,14.54743,287.6974,324.5708,394.1501,508.2851,-69.5793,0.1586173,438.7058,0.379,0.361,0.448,18.02,18.51,18.57
2016-07-19 11:30:00,11.50,1145,13.73,15.01626,18.85727,735.8452,119.503,-56.90326,9.281157,15.29743,288.4474,335.612,401.7964,616.3421,-66.18442,0.1601286,550.1577,0.379,0.361,0.448,18.87,19.46,19.52
2016-07-19 11:45:00,11.75,1146,13.96,15.37369,19.36989,524.0345,82.51283,-67.07389,2.267946,15.67064,288.8206,327.473,396.8148,441.5217,-69.34184,0.1529099,372.1798,0.379,0.361,0.448,19.38,20.08,20.16
2016-07-19 12:00:00,12.00,1147,13.69,15.56213,19.47317,601.9542,96.20359,-68.8494,5.806398,15.79242,288.9424,326.3636,401.0194,505.7506,-74.65579,0.1557927,431.0948,0.378,0.361,0.448,19.49,20.32,20.46
2016-07-19 12:15:00,12.25,1148,13.8,15.71432,19.52965,481.1616,76.48893,-60.53875,3.243695,15.69502,288.845,334.1438,397.9263,404.6726,-63.78244,0.1557376,340.8902,0.378,0.36,0.448,19.54,20.49,20.71
2016-07-19 12:30:00,12.50,1149,13.7,15.6065,19.011,699.7808,114.9436,-73.14496,12.36044,15.13645,288.2864,318.5028,404.0082,584.8372,-85.5054,0.16209,499.3318,0.379,0.36,0.448,19.03,20.09,20.37
2016-07-19 12:45:00,12.75,1150,13.9,15.82147,19.2189,783.39,124.5772,-74.34367,11.91123,17.61125,290.7612,330.9171,417.172,658.8127,-86.2549,0.1553345,572.5579,0.379,0.36,0.447,19.22,20.58,20.95
2016-07-19 13:00:00,13.00,1151,13.72,16.11712,19.63468,728.1052,117.2196,-72.88017,11.26212,16.10038,289.2504,324.0269,408.1692,610.8856,-84.1423,0.157269,526.7433,0.38,0.36,0.447,19.65,20.95,21.4
2016-07-19 13:15:00,13.25,1152,13.79,16.17068,19.62604,869.4412,140.4233,-85.83379,15.78851,16.89698,290.047,315.455,417.0773,729.0179,-101.6223,0.159194,627.3956,0.38,0.36,0.447,19.64,20.93,21.49
2016-07-19 13:30:00,13.50,1153,13.77,16.25123,19.63319,473.1197,73.8931,-73.12537,5.933499,16.29878,289.4488,324.8662,403.925,399.2266,-79.05886,0.1516732,320.1678,0.38,0.36,0.447,19.65,20.97,21.59
2016-07-19 13:45:00,13.75,1154,13.9,16.05281,19.0557,370.262,60.03426,-53.33022,3.959163,14.84701,287.997,336.7469,394.0363,310.2277,-57.28938,0.1606118,252.9383,0.38,0.36,0.447,19.08,20.39,21.05
2016-07-19 14:00:00,14.00,1155,13.83,15.5581,17.61417,882.5452,147.0587,-75.31718,22.5808,15.72307,288.873,319.5402,417.4381,735.4864,-97.89797,0.1652924,637.5884,0.38,0.36,0.447,17.64,19.21,19.97
2016-07-19 14:15:00,14.25,1156,13.84,15.44445,17.28248,489.1134,77.59872,-69.4074,8.623743,16.51697,289.667,329.7827,407.8138,411.5147,-78.03114,0.1544538,333.4836,0.38,0.36,0.447,17.29,19.02,19.8
2016-07-19 14:30:00,14.50,1157,13.87,15.52092,17.08676,640.7946,103.8809,-79.97292,12.06272,17.24583,290.3958,323.2558,415.2914,536.9137,-92.03564,0.1554348,444.878,0.379,0.359,0.447,17.09,19.08,19.94
2016-07-19 14:45:00,14.75,1158,13.8,15.58444,17.40719,278.7645,43.91173,-68.97044,-0.1958983,15.19193,288.3419,322.9734,391.7479,234.8527,-68.77454,0.1545329,166.0782,0.38,0.359,0.447,17.42,19.07,19.95
2016-07-19 15:00:00,15.00,1159,13.91,15.30634,16.88972,380.8389,63.49165,-70.15828,7.398958,14.39702,287.547,317.4756,395.0328,317.3473,-77.55724,0.1631878,239.7901,0.379,0.359,0.447,16.91,18.4,19.3
2016-07-19 15:15:00,15.25,1160,13.72,15.08327,16.18092,539.1596,91.22849,-84.28293,9.494022,15.51446,288.6645,309.4107,403.1877,447.9311,-93.77695,0.1627648,354.1541,0.379,0.359,0.447,16.19,17.93,18.87
2016-07-19 15:30:00,15.50,1161,13.8,15.12982,15.86069,717.4756,123.145,-88.08638,16.11079,16.56804,289.718,311.3866,415.5837,594.3306,-104.1972,0.1648093,490.1334,0.379,0.359,0.447,15.87,17.99,18.95
2016-07-19 15:45:00,15.75,1162,13.79,15.47697,16.44592,378.655,60.83866,-85.60075,2.406435,17.16025,290.3102,317.1716,405.1788,317.8164,-88.00718,0.1459262,229.8092,0.379,0.359,0.447,16.44,18.66,19.64
2016-07-19 16:00:00,16.00,1163,13.89,15.5445,16.95944,184.7613,29.26373,-62.89902,-1.999114,14.90099,288.051,327.4594,388.3593,155.4976,-60.89991,0.1559537,94.59766,0.379,0.359,0.447,16.97,18.62,19.58
2016-07-19 16:15:00,16.25,1164,13.74,15.28518,16.43191,441.0089,78.77272,-66.8606,9.044719,14.90294,288.0529,323.5167,399.422,362.2362,-75.90532,0.1727695,286.3309,0.379,0.358,0.447,16.45,18.04,19.02
2016-07-19 16:30:00,16.50,1165,13.88,15.29795,16.47478,219.9107,35.84208,-78.12882,-2.948371,15.67756,288.8275,316.4635,391.644,184.0686,-75.18045,0.1584975,108.8882,0.379,0.358,0.447,16.47,18.1,19.08
2016-07-19 16:45:00,16.75,1166,13.85,15.24758,16.32131,347.7397,62.85567,-70.57478,4.309119,15.32662,288.4766,322.0981,396.982,284.884,-74.8839,0.1725222,210.0001,0.379,0.358,0.447,16.33,17.91,18.89
2016-07-19 17:00:00,17.00,1167,13.74,15.26522,16.4707,176.9179,29.22869,-68.7241,-4.448159,15.19226,288.3423,323.2181,387.4941,147.6892,-64.27595,0.1622008,83.41322,0.379,0.358,0.447,16.47,17.92,18.88
2016-07-19 17:15:00,17.25,1168,13.83,15.13114,16.35126,250.9649,45.83282,-61.43621,0.2459744,14.75584,287.9058,328.1353,389.8175,205.132,-61.68219,0.1751579,143.4499,0.378,0.358,0.447,16.36,17.61,18.55
2016-07-19 17:30:00,17.50,1169,13.76,15.07048,16.31045,173.838,29.62281,-66.96814,-4.80546,15.21481,288.3648,325.0924,387.2551,144.2152,-62.16267,0.1680927,82.05253,0.378,0.358,0.447,16.31,17.51,18.44
2016-07-19 17:45:00,17.75,1170,13.88,15.04094,16.19798,285.6732,54.19517,-76.50842,0.3955007,15.30052,288.4505,316.021,392.9249,231.478,-76.90392,0.1813127,154.5741,0.378,0.357,0.447,16.2,17.43,18.33
2016-07-19 18:00:00,18.00,1171,13.82,15.09374,16.42919,136.4326,22.57475,-64.04465,-8.151204,15.18887,288.3389,327.8752,383.7686,113.8579,-55.89344,0.1653792,57.96446,0.378,0.357,0.447,16.43,17.52,18.4
2016-07-19 18:15:00,18.25,1172,13.86,15.07077,16.3636,227.456,43.15248,-72.71927,-3.641745,15.13167,288.2817,318.8904,387.968,184.3035,-69.07752,0.1756536,115.226,0.378,0.357,0.447,16.37,17.47,18.33
2016-07-19 18:30:00,18.50,1173,13.79,15.00429,16.37971,131.8081,23.18748,-61.4091,-6.19648,14.44969,287.5997,326.5065,381.7191,108.6206,-55.21262,0.1722644,53.40796,0.377,0.357,0.447,16.39,17.3,18.14
2016-07-19 18:45:00,18.75,1174,13.19,14.79565,16.0729,113.9,19.51315,-58.11586,-6.346126,14.33952,287.4895,329.2053,380.975,94.38683,-51.76974,0.1708723,42.61709,0.378,0.357,0.447,16.08,16.89,17.71
2016-07-19 19:00:00,19.00,1175,12.82,14.59643,15.90552,69.21236,11.6656,-43.61916,-8.274354,13.97187,287.1219,341.7249,377.0697,57.54677,-35.34481,0.1687497,22.20196,0.378,0.356,0.447,15.92,16.53,17.3
2016-07-19 19:15:00,19.25,1176,13.06,14.36413,15.61481,78.74252,14.65916,-44.61442,-7.707779,13.51328,286.6633,338.2744,375.181,64.08336,-36.90664,0.1846811,27.17672,0.377,0.356,0.447,15.63,16.1,16.82
2016-07-19 19:30:00,19.50,1177,13.12,13.95404,14.80356,151.3184,33.98676,-74.63822,-4.633924,13.08171,286.2317,305.9505,375.9548,117.3316,-70.0043,0.2127529,47.32733,0.378,0.356,0.447,14.82,15.26,15.93
2016-07-19 19:45:00,19.75,1178,13.19,13.59738,14.26434,77.57916,14.06579,-63.77395,-9.182697,13.15815,286.3081,317.2201,371.8113,63.51337,-54.59125,0.1809653,8.922126,0.377,0.356,0.446,14.27,14.59,15.2
2016-07-19 20:00:00,20.00,1179,12.87,13.39053,13.96959,67.26723,12.15646,-37.44204,-7.122949,13.25152,286.4015,344.0492,374.3683,55.11077,-30.31909,0.1804122,24.79168,0.377,0.356,0.446,13.97,14.25,14.82
2016-07-19 20:15:00,20.25,1180,12.62,13.30931,13.97918,39.81104,6.435513,-54.18805,-10.38135,12.72592,285.8759,324.5121,368.3188,33.37552,-43.8067,0.1602218,-10.43117,0.377,0.356,0.446,13.99,14.16,14.68
2016-07-19 20:30:00,20.50,1181,12.62,13.05636,13.55955,21.97065,3.654736,-32.73306,-7.93396,12.02086,285.1708,342.2435,367.0426,18.31591,-24.79909,0.1676148,-6.483182,0.377,0.355,0.446,13.57,13.68,14.17
2016-07-19 20:45:00,20.75,1182,12.5,12.75908,13.0993,17.89391,3.846775,-32.61702,-7.109644,11.85873,285.0087,341.5071,367.0145,14.04713,-25.50737,0.2151212,-11.46024,0.376,0.355,0.446,13.11,13.15,13.6
2016-07-19 21:00:00,21.00,1183,12.56,12.49789,12.67425,8.139871,2.265077,-25.19327,-8.075217,11.47814,284.6281,346.9411,364.0592,5.874793,-17.11805,INF,-11.24326,0.376,0.355,0.446,12.68,12.67,13.07
2016-07-19 21:15:00,21.25,1184,12.5,11.98682,11.70215,4.862343,4.504416,-10.12652,-1.462395,9.143255,282.2932,349.9503,358.6145,0.3579277,-8.66413,0.3219244,-8.306203,0.377,0.356,0.447,11.71,11.63,12
2016-07-19 21:30:00,21.50,1185,12.54,11.15185,10.27177,7.040663,5.74177,-9.373401,2.238239,8.024598,281.1746,345.0218,356.6335,1.298893,-11.61164,0.9175239,-10.31275,0.379,0.357,0.45,10.28,10.01,10.35
2016-07-19 21:45:00,21.75,1186,12.46,10.3402,8.830721,0.249661,5.438913,-16.89267,1.881678,7.708115,280.8581,335.9093,354.6836,-5.189252,-18.77434,5.565273,-23.9636,0.38,0.358,0.451,8.83,8.48,8.75
2016-07-19 22:00:00,22.00,1187,12.51,9.659963,7.59337,-2.222196,4.456304,-8.920619,2.634113,7.63025,280.7802,343.4902,355.045,-6.678501,-11.55473,-2.029012,-18.23323,0.381,0.359,0.451,7.577,7.218,7.422
2016-07-19 22:15:00,22.25,1188,12.51,9.189959,6.763264,-1.967972,1.780789,-12.02803,2.924781,7.421027,280.571,339.3338,354.2866,-3.748761,-14.95281,-0.8459563,-18.70157,0.38,0.359,0.451,6.738,6.382,6.529
2016-07-19 22:30:00,22.50,1189,12.43,8.794104,6.093794,-4.244057,5.399818,-29.95189,1.049136,7.368066,280.5181,321.1445,352.1455,-9.643875,-31.00103,-1.275513,-40.6449,0.379,0.359,0.45,6.065,5.656,5.753
2016-07-19 22:45:00,22.75,1190,12.49,8.449089,5.525904,-3.807661,5.450892,-22.78841,0.6256614,7.494402,280.6444,328.9409,352.355,-9.258554,-23.41408,-1.43427,-32.67263,0.379,0.359,0.45,5.488,5.028,5.077
2016-07-19 23:00:00,23.00,1191,12.43,8.227428,5.188221,-3.781359,4.387713,-33.23046,-1.114717,7.362407,280.5124,317.8378,349.9536,-8.169073,-32.11574,-1.187532,-40.28481,0.379,0.359,0.45,5.149,4.648,4.645
2016-07-19 23:15:00,23.25,1192,12.48,8.039742,4.910067,-2.826355,6.025256,-23.64054,-0.4432988,7.564556,280.7145,328.441,351.6382,-8.851611,-23.19724,-2.361119,-32.04886,0.378,0.359,0.45,4.867,4.344,4.295
2016-07-19 23:30:00,23.50,1193,12.4,7.971365,4.862644,-2.874801,4.426227,-39.48266,-2.523786,7.636333,280.7863,312.959,349.9178,-7.301028,-36.95887,-1.547052,-44.2599,0.378,0.36,0.449,4.817,4.279,4.182
2016-07-19 23:45:00,23.75,1194,12.48,7.907502,4.844434,-2.240948,6.397354,-48.51026,-4.6686,7.953792,281.1038,305.5279,349.3696,-8.638302,-43.84166,-3.085825,-52.47996,0.377,0.36,0.449,4.799,4.192,4.043
2016-07-20 00:00:00,0.00,1195,12.41,7.928404,4.953785,-0.8776588,3.590675,-20.86575,-4.248132,7.966798,281.1168,333.2378,349.8554,-4.468334,-16.61762,INF,-21.08595,0.377,0.359,0.449,4.909,4.289,4.103
2016-07-20 00:15:00,1.00,1196,12.47,7.970087,5.061228,-4.506567,2.346851,-29.07971,-2.532435,7.385018,280.535,322.1037,348.6509,-6.853418,-26.54727,-0.5239968,-33.40069,0.376,0.359,0.449,5.02,4.44,4.234
2016-07-20 00:30:00,1.00,1197,12.39,7.789013,4.718204,-4.310256,2.695704,-35.98599,-3.496356,6.605697,279.7557,311.3107,343.8003,-7.00596,-32.48963,-0.6291996,-39.49559,0.376,0.359,0.449,4.678,4.104,3.883
2016-07-20 00:45:00,1.00,1198,12.45,7.436121,4.070161,-3.123947,1.283069,-35.88341,-2.653687,5.872045,279.022,307.7841,341.0139,-4.407016,-33.22972,-0.4324065,-37.63674,0.376,0.359,0.449,4.027,3.429,3.191
2016-07-20 01:00:00,1.00,1199,12.45,7.02221,3.346086,-1.401566,2.422734,-21.94988,1.067822,5.61946,278.7694,320.4741,343.4918,-3.8243,-23.0177,-3.538238,-26.842,0.376,0.359,0.449,3.296,2.681,2.421
2016-07-20 01:15:00,1.00,1200,12.37,6.791184,3.041613,-0.8312775,6.246347,-23.90074,0.3555274,6.793547,279.9435,324.3334,348.5897,-7.077625,-24.25627,NAN,-31.33389,0.376,0.359,0.449,2.982,2.34,2.05
2016-07-20 01:30:00,1.00,1201,12.43,6.924369,3.397027,-0.6447933,3.916112,-14.3315,-1.897016,7.573158,280.7231,337.7937,350.2281,-4.560905,-12.43449,INF,-16.99539,0.376,0.358,0.448,3.336,2.676,2.354
2016-07-20 01:45:00,1.00,1202,12.37,7.214272,3.997081,-2.855855,3.040694,-11.2209,-2.348957,7.755435,280.9054,341.8189,350.6909,-5.896549,-8.871942,-1.175037,-14.76849,0.376,0.358,0.448,3.943,3.306,2.962
2016-07-20 02:00:00,1.00,1203,12.43,7.425476,4.394135,-3.303219,2.216,-10.11851,-1.077692,7.387245,280.5372,341.0743,350.1151,-5.519218,-9.040817,-0.673082,-14.56004,0.376,0.358,0.448,4.345,3.756,3.405
2016-07-20 02:15:00,1.00,1204,12.35,7.48651,4.518735,-3.68373,2.518154,-15.13966,-0.3722126,6.954222,280.1042,333.8897,348.6572,-6.201884,-14.76745,-0.6910432,-20.96934,0.376,0.358,0.448,4.475,3.91,3.555
2016-07-20 02:30:00,1.00,1205,12.41,7.410314,4.377521,-2.736535,2.60831,-16.99973,-0.286888,6.752292,279.9023,331.0241,347.7369,-5.344845,-16.71284,-1.001382,-22.05769,0.376,0.358,0.448,4.334,3.788,3.43
2016-07-20 02:45:00,1.00,1206,12.34,7.307988,4.219698,-2.020948,3.379086,-19.39021,-1.244021,7.045708,280.1957,330.0955,348.2416,-5.400034,-18.14619,-1.708362,-23.54622,0.375,0.358,0.448,4.173,3.622,3.254
2016-07-20 03:00:00,1.00,1207,12.39,7.281913,4.20371,-1.741571,2.273896,-24.58972,-3.032156,7.090123,280.2401,325.1173,346.6749,-4.015466,-21.55757,-1.322846,-25.57303,0.375,0.358,0.448,4.158,3.597,3.221
2016-07-20 03:15:00,1.00,1208,12.33,7.243053,4.157609,-0.4319335,2.304554,-18.25007,-1.861703,6.962293,280.1123,330.8194,347.2078,-2.736488,-16.38836,NAN,-19.12485,0.375,0.358,0.448,4.109,3.555,3.169
2016-07-20 03:30:00,1.00,1209,12.39,7.250496,4.234394,0.1354116,1.861046,-9.758429,-1.736198,7.222892,280.3729,340.6118,348.6341,-1.725635,-8.022231,NAN,-9.747866,0.375,0.358,0.448,4.188,3.631,3.237
2016-07-20 03:45:00,1.00,1210,12.38,7.335481,4.45487,-0.01219172,1.887177,-10.76697,-1.914262,7.432312,280.5823,340.6516,349.5044,-1.899369,-8.852705,INF,-10.75207,0.375,0.357,0.448,4.409,3.852,3.45
2016-07-20 04:00:00,1.00,1211,12.3,7.477465,4.81769,-0.265218,1.567119,-12.42716,-3.578691,7.826848,280.9768,340.9719,349.8203,-1.832337,-8.848469,INF,-10.68081,0.376,0.357,0.448,4.774,4.193,3.778
2016-07-20 04:15:00,1.00,1212,12.37,7.633524,5.148315,-0.399966,1.042512,-12.43441,-3.353599,7.726097,280.8761,340.4579,349.5387,-1.442478,-9.08081,-2.853811,-10.52329,0.376,0.357,0.448,5.109,4.532,4.112
2016-07-20 04:30:00,1.00,1213,12.3,7.734415,5.384171,-0.1854848,1.190787,-12.5767,-3.39871,7.743816,280.8938,340.4046,349.5826,-1.376271,-9.177989,-0.2776757,-10.55426,0.375,0.357,0.448,5.348,4.773,4.345
2016-07-20 04:45:00,1.00,1214,12.35,7.827034,5.610834,-0.1531975,0.9504897,-13.07862,-3.94463,7.832726,280.9827,340.3498,349.4838,-1.103687,-9.133987,NAN,-10.23767,0.375,0.357,0.448,5.577,5.003,4.567
2016-07-20 05:00:00,1.00,1215,12.29,7.907045,5.787932,0.1956941,1.269436,-13.71544,-3.849364,7.889465,281.0395,339.9987,349.8648,-1.073742,-9.866072,NAN,-10.93981,0.375,0.357,0.447,5.756,5.194,4.753
2016-07-20 05:15:00,1.00,1216,12.35,8.001982,6.019793,0.1594548,1.085156,-14.68087,-4.792854,8.131436,281.2814,340.253,350.141,-0.925701,-9.888013,INF,-10.81371,0.374,0.357,0.447,5.988,5.426,4.978
2016-07-20 05:30:00,1.00,1217,12.28,8.133781,6.311619,0.07478543,0.8755307,-16.16343,-5.591607,8.267053,281.417,339.4554,350.0272,-0.8007452,-10.57182,NAN,-11.37256,0.374,0.357,0.447,6.283,5.724,5.272
2016-07-20 05:45:00,1.00,1218,12.33,8.242052,6.54219,0.6532912,1.261677,-25.32541,-5.989086,8.25724,281.4072,330.2437,349.5801,-0.6083861,-19.33632,2.846139,-19.94471,0.374,0.356,0.447,6.516,5.961,5.502
2016-07-20 06:00:00,6.00,1219,12.28,8.267528,6.567254,4.956835,2.151328,-30.24364,-6.346429,8.06949,281.2195,324.3777,348.2749,2.805506,-23.89722,0.476363,-21.09171,0.374,0.356,0.447,6.544,6.007,5.547
2016-07-20 06:15:00,6.25,1220,12.34,8.237266,6.527417,9.24884,2.632955,-21.07297,-5.012221,7.961459,281.1115,333.0037,349.0644,6.615886,-16.06075,0.2849181,-9.444864,0.374,0.356,0.447,6.503,5.976,5.518
2016-07-20 06:30:00,6.50,1221,12.34,8.225733,6.548516,14.82273,3.946369,-19.02877,-4.394586,8.050559,281.2005,335.497,350.1312,10.87636,-14.63418,0.2678663,-3.757818,0.374,0.356,0.447,6.525,5.999,5.541
2016-07-20 06:45:00,6.75,1222,12.29,8.251549,6.611331,13.24498,3.057775,-24.78474,-5.151943,8.185109,281.3351,330.42,350.0528,10.18721,-19.6328,0.2305249,-9.445591,0.373,0.356,0.447,6.587,6.085,5.622
2016-07-20 07:00:00,7.00,1223,12.41,8.297093,6.713596,48.77899,9.388762,-27.84245,-4.743248,8.325338,281.4753,328.0711,351.1703,39.39022,-23.0992,0.1928992,16.29103,0.372,0.356,0.447,6.69,6.204,5.74
2016-07-20 07:15:00,7.25,1224,12.37,8.389046,6.896558,68.42165,12.88227,-28.61213,-4.406917,8.672941,281.8229,329.0633,353.2685,55.53938,-24.20522,0.1881294,31.33417,0.372,0.356,0.447,6.872,6.428,5.966
2016-07-20 07:30:00,7.50,1225,12.43,8.558177,7.254234,72.1965,13.14825,-26.92723,-5.295902,9.026617,282.1766,332.5466,354.1779,59.04825,-21.63132,0.1820816,37.41693,0.373,0.356,0.447,7.232,6.809,6.349
2016-07-20 07:45:00,7.75,1226,12.37,8.77496,7.690348,74.45377,12.49393,-25.23605,-6.035248,9.253498,282.4035,335.3952,354.596,61.95984,-19.20081,0.1729941,42.75903,0.372,0.356,0.447,7.671,7.277,6.823
2016-07-20 08:00:00,8.00,1227,12.47,9.029105,8.229152,93.13016,14.84706,-26.8906,-7.134331,9.438036,282.588,334.6842,354.4405,78.28309,-19.75627,0.1637882,58.52682,0.372,0.356,0.447,8.21,7.825,7.372
2016-07-20 08:15:00,8.25,1228,12.43,9.242168,8.625716,66.12364,11.12682,-22.75886,-6.17907,9.300069,282.45,338.1103,354.6901,54.99682,-16.57979,0.1682484,38.41703,0.372,0.356,0.447,8.62,8.25,7.802
2016-07-20 08:30:00,8.50,1229,12.52,9.336862,8.760308,69.53875,11.81662,-21.63065,-5.281394,9.191339,282.3413,338.6832,355.0324,57.72213,-16.34925,0.1701355,41.37287,0.372,0.355,0.447,8.75,8.42,7.996
2016-07-20 08:45:00,8.75,1230,12.53,9.388697,8.837119,84.75243,14.54528,-23.44371,-4.603181,9.27467,282.4247,337.2957,356.1363,70.20715,-18.84054,0.1717233,51.36662,0.372,0.355,0.447,8.83,8.54,8.12
2016-07-20 09:00:00,9.00,1231,13,9.47244,8.938498,197.1079,33.00776,-30.08915,-1.20489,9.72192,282.8719,332.9433,361.8276,164.1001,-28.88426,0.1673313,135.2159,0.372,0.355,0.446,8.93,8.72,8.32
2016-07-20 09:15:00,9.25,1232,13.13,9.756831,9.559959,183.7355,29.45121,-36.62694,-4.898003,10.35468,283.5047,329.6624,361.3914,154.2843,-31.72894,0.1601429,122.5554,0.372,0.355,0.446,9.55,9.37,8.97
2016-07-20 09:30:00,9.50,1233,13.96,10.09776,10.1862,373.9525,61.62601,-36.59138,-1.860732,10.93733,284.0873,332.7201,367.4507,312.3265,-34.73065,0.1625145,277.5959,0.372,0.355,0.446,10.18,10.07,9.7
2016-07-20 09:45:00,9.75,1234,13.76,10.64672,11.27853,508.0052,83.84152,-44.96683,2.616687,12.24507,285.3951,331.1986,378.7821,424.1636,-47.58351,0.1626164,376.5801,0.372,0.355,0.446,11.27,11.24,10.89
2016-07-20 10:00:00,10.00,1235,13.53,11.47908,12.82659,349.6593,54.99874,-46.1328,-4.723876,12.72829,285.8783,332.5863,373.9953,294.6606,-41.40892,0.1536542,253.2516,0.372,0.355,0.446,12.83,12.92,12.6
2016-07-20 10:15:00,10.25,1236,13.92,11.84056,13.18168,362.2601,59.38033,-40.15655,0.03767459,11.98525,285.1353,334.6343,374.8286,302.8798,-40.19422,0.160739,262.6856,0.372,0.355,0.446,13.19,13.42,13.18
2016-07-20 10:30:00,10.50,1237,13.69,12.11931,13.62531,398.5949,64.52881,-44.68099,1.720809,12.65216,285.8022,333.6268,380.0286,334.0661,-46.4018,0.1600669,287.6643,0.373,0.355,0.446,13.63,13.94,13.76
2016-07-20 10:45:00,10.75,1238,14.05,12.37762,13.93296,333.5972,54.41803,-45.43914,-0.6366327,12.30946,285.4594,331.0586,375.8611,279.1791,-44.80251,0.162182,234.3766,0.373,0.355,0.446,13.94,14.33,14.22
2016-07-20 11:00:00,11.00,1239,13.9,12.50263,14.06293,599.026,99.70227,-57.94624,5.922484,12.93755,286.0875,321.883,385.7517,499.3237,-63.86873,0.1633981,435.455,0.373,0.355,0.446,14.07,14.52,14.47
2016-07-20 11:15:00,11.25,1240,13.99,12.90327,14.80262,722.6643,119.427,-63.83336,5.918063,14.11087,287.2609,322.266,392.0175,603.2373,-69.75143,0.1621946,533.4859,0.373,0.355,0.446,14.81,15.35,15.35
2016-07-20 11:30:00,11.50,1241,14.01,13.45743,15.68308,651.3474,105.6907,-60.08911,5.523525,14.39517,287.5452,327.5327,393.1453,545.6566,-65.61263,0.1592892,480.044,0.373,0.355,0.446,15.69,16.37,16.43
2016-07-20 11:45:00,11.75,1242,13.86,13.85367,16.17315,749.7924,122.4537,-63.28862,10.00228,15.08648,288.2365,328.0773,401.3682,627.3386,-73.29091,0.1615589,554.0477,0.373,0.355,0.446,16.18,17.03,17.19
2016-07-20 12:00:00,12.00,1243,14.06,14.50417,17.24981,952.5894,154.9057,-83.08865,13.71635,16.85286,290.0028,317.9611,414.7661,797.6837,-96.80499,0.1616315,700.8787,0.374,0.355,0.445,17.25,18.33,18.55
2016-07-20 12:15:00,12.25,1244,13.71,15.2283,18.34421,789.9723,126.0131,-91.06697,6.806586,16.43091,289.5809,307.6522,405.5258,663.9592,-97.87356,0.1545762,566.0856,0.374,0.354,0.445,18.35,19.58,19.88
2016-07-20 12:30:00,12.50,1245,13.84,15.49617,18.44136,952.7747,155.6303,-87.84652,15.93684,16.10599,289.256,309.0867,412.8701,797.1445,-103.7834,0.1622442,693.3611,0.374,0.354,0.445,18.46,19.84,20.27
2016-07-20 12:45:00,12.75,1246,13.7,15.66704,18.42958,853.5248,138.6696,-84.69617,16.40813,16.29033,289.4403,313.2482,414.3525,714.8552,-101.1043,0.1592712,613.7509,0.374,0.354,0.445,18.44,20.02,20.56
2016-07-20 13:00:00,13.00,1247,13.84,15.82517,18.52484,907.5536,147.3934,-94.63765,13.65568,16.64977,289.7998,305.2868,413.5802,760.1602,-108.2933,0.1591725,651.8669,0.375,0.354,0.445,18.53,20.17,20.82
2016-07-20 13:15:00,13.25,1248,13.82,15.89009,18.51093,707.4358,114.2272,-82.38629,10.44466,16.42422,289.5742,316.2978,409.1287,593.2086,-92.83095,0.1552321,500.3777,0.375,0.354,0.445,18.52,20.1,20.86
2016-07-20 13:30:00,13.50,1249,14.05,15.75824,18.12615,861.4109,141.7257,-88.34241,16.95801,15.9616,289.1116,307.8032,413.1035,719.6853,-105.3004,0.1612074,614.3848,0.375,0.354,0.445,18.14,19.65,20.5
2016-07-20 13:45:00,13.75,1250,13.67,15.62712,17.71002,733.3554,119.4814,-80.20795,14.82193,16.1636,289.3136,317.0412,412.071,613.874,-95.02988,0.1589879,518.8441,0.375,0.354,0.445,17.73,19.27,20.19
2016-07-20 14:00:00,14.00,1251,14.09,15.62666,17.19685,903.4924,148.7692,-82.30326,22.18123,17.65299,290.803,323.1875,427.672,754.7231,-104.4845,0.1621298,650.2386,0.375,0.354,0.445,17.21,19.15,20.18
2016-07-20 14:15:00,14.25,1252,13.97,15.82959,17.1852,830.4146,135.5295,-91.18118,16.53655,17.88399,291.034,315.5994,423.3171,694.8851,-107.7177,0.1608227,587.1674,0.376,0.353,0.444,17.2,19.42,20.51
2016-07-20 14:30:00,14.50,1253,13.78,15.96585,16.8743,776.6959,127.6629,-89.01315,15.17882,18.46562,291.6156,321.0286,425.2205,649.033,-104.192,0.1596917,544.841,0.375,0.353,0.444,16.88,19.49,20.68
2016-07-20 14:45:00,14.75,1254,13.81,16.11561,16.76035,663.5918,108.145,-87.68013,13.19738,18.30276,291.4528,321.445,422.3225,555.4468,-100.8775,0.1583056,454.5693,0.375,0.353,0.444,16.76,19.58,20.89
2016-07-20 15:00:00,15.00,1255,13.77,16.20939,17.13272,333.5638,51.28447,-83.7284,0.1427485,17.30617,290.4562,319.8392,403.7103,282.2793,-83.87115,0.1509846,198.4081,0.376,0.353,0.445,17.13,19.6,20.96
2016-07-20 15:15:00,15.25,1256,13.82,16.03633,17.05008,236.4606,37.37942,-74.46223,-1.174698,15.47337,288.6234,319.0144,392.3019,199.0811,-73.28753,0.1568509,125.7936,0.376,0.352,0.445,17.06,19.09,20.46
2016-07-20 15:30:00,15.50,1257,13.8,15.62391,16.35466,318.9279,54.34304,-65.79272,6.469979,14.89324,288.0432,324.522,396.7847,264.5849,-72.2627,0.1666862,192.3222,0.376,0.352,0.445,16.36,18.19,19.57
2016-07-20 15:45:00,15.75,1258,13.91,15.32909,15.94019,324.8921,55.33455,-64.57702,4.462356,14.68889,287.8389,324.631,393.6703,269.5576,-69.03938,0.16811,200.5182,0.376,0.352,0.445,15.95,17.6,18.96
2016-07-20 16:00:00,16.00,1259,13.73,15.13371,15.58308,302.6507,50.87575,-67.8129,2.580672,14.72422,287.8742,321.5858,391.9794,251.775,-70.39357,0.1646114,181.3814,0.375,0.352,0.445,15.58,17.21,18.54
2016-07-20 16:15:00,16.25,1260,13.9,14.98606,15.27827,363.4095,63.32093,-70.11958,6.505523,14.99097,288.141,320.73,397.3552,300.0885,-76.62511,0.1700854,223.4634,0.375,0.352,0.445,15.28,16.91,18.2
2016-07-20 16:30:00,16.50,1261,13.83,14.96057,15.29982,323.8447,56.25359,-64.20405,3.7864,14.92774,288.0777,326.2976,394.2881,267.5911,-67.99045,0.1698072,199.6006,0.375,0.352,0.445,15.3,16.86,18.1
2016-07-20 16:45:00,16.75,1262,13.82,15.02866,15.14748,507.6747,91.75636,-75.19185,10.17142,16.0351,289.1851,321.3515,406.7148,415.9184,-85.36327,0.17495,330.5551,0.375,0.352,0.445,15.15,17,18.24
2016-07-20 17:00:00,17.00,1263,13.78,15.41006,15.44035,596.5079,110.0334,-92.0412,9.617539,17.17884,290.3288,310.8101,412.4688,486.4744,-101.6587,0.1763494,384.8157,0.375,0.352,0.445,15.43,17.76,19.01
2016-07-20 17:15:00,17.25,1264,13.87,15.87676,16.03839,537.7732,100.389,-96.7055,8.086011,17.62874,290.7787,308.651,413.4425,437.3842,-104.7915,0.1778267,332.5927,0.375,0.351,0.444,16.03,18.6,19.88
2016-07-20 17:30:00,17.50,1265,13.8,16.32277,16.57523,648.3029,125.9601,-93.42542,10.98946,17.8009,290.9509,312.8943,417.3092,522.3428,-104.4149,0.1888508,417.9279,0.375,0.351,0.444,16.57,19.38,20.71
2016-07-20 17:45:00,17.75,1266,13.78,16.84797,17.45531,478.0606,90.18698,-90.89765,4.212385,18.42721,291.5772,318.9283,414.0383,387.8736,-95.11002,0.1787427,292.7636,0.375,0.351,0.444,17.44,20.36,21.74
2016-07-20 18:00:00,18.00,1267,13.88,17.20292,18.11388,433.9116,85.22597,-93.88515,1.684413,17.56683,290.7168,311.1264,406.696,348.6857,-95.56956,0.1830918,253.1161,0.375,0.351,0.445,18.12,20.87,22.3
2016-07-20 18:15:00,18.25,1268,13.75,17.26678,18.31745,285.8597,53.47395,-92.43851,-4.303647,16.90738,290.0573,308.918,397.0528,232.3858,-88.13486,0.1651813,144.2509,0.375,0.351,0.445,18.31,20.87,22.34
2016-07-20 18:30:00,18.50,1269,13.88,16.92745,18.02552,251.3593,49.88475,-88.57915,-3.007335,15.09511,288.2451,302.8315,388.4033,201.4745,-85.57182,0.1762639,115.9027,0.375,0.351,0.445,18.04,20.07,21.53
2016-07-20 18:45:00,18.75,1270,13.15,16.37986,17.06856,255.1877,53.33456,-89.4974,0.05743758,15.0676,288.2176,301.763,391.3178,201.8531,-89.55483,0.1872445,112.2983,0.375,0.351,0.445,17.08,18.98,20.42
2016-07-20 19:00:00,19.00,1271,12.98,15.88223,16.4914,71.39374,10.80151,-94.15624,-11.3071,13.9859,287.1359,291.2725,374.1216,60.59223,-82.84915,0.150614,-22.25692,0.375,0.351,0.445,16.5,17.98,19.35
2016-07-20 19:15:00,19.25,1272,12.82,15.1335,15.46953,83.79198,16.19777,-91.00806,-8.266519,12.88271,286.0327,288.5222,371.2638,67.59422,-82.74154,0.1758233,-15.14732,0.375,0.35,0.445,15.48,16.52,17.82
2016-07-20 19:30:00,19.50,1273,12.92,14.42326,14.39845,152.6315,36.40129,-91.38695,-5.094776,13.0364,286.1864,288.9628,375.2549,116.2302,-86.29218,0.1980625,29.93801,0.374,0.35,0.445,14.41,15.23,16.43
2016-07-20 19:45:00,19.75,1274,12.72,13.97163,13.90038,56.33371,9.530526,-85.50431,-10.7227,12.66148,285.8115,292.8542,367.6358,46.80318,-74.78162,0.1682986,-27.97843,0.374,0.35,0.445,13.91,14.43,15.52
2016-07-20 20:00:00,20.00,1275,12.76,13.4755,13.21018,55.21163,10.56963,-81.24514,-8.964622,12.24692,285.3969,294.9214,367.2019,44.64201,-72.28052,0.1909679,-27.63852,0.374,0.35,0.445,13.21,13.54,14.5
2016-07-20 20:15:00,20.25,1276,12.66,13.05882,12.66203,41.59247,7.551003,-87.9657,-11.81846,12.11615,285.2661,287.5128,363.66,34.04147,-76.14725,0.1787041,-42.10577,0.373,0.35,0.445,12.66,12.85,13.67
2016-07-20 20:30:00,20.50,1277,12.51,12.61141,11.96625,26.31629,5.143272,-90.32954,-11.09992,11.51077,284.6607,281.971,361.2006,21.17302,-79.22961,0.1950247,-58.0566,0.373,0.349,0.444,11.97,12.03,12.75
2016-07-20 20:45:00,20.75,1278,12.59,12.18427,11.37508,19.70631,3.92449,-91.80009,-14.33912,11.42438,284.5743,280.0498,357.5108,15.78182,-77.46098,0.1964845,-61.67916,0.372,0.349,0.444,11.37,11.3,11.93
2016-07-20 21:00:00,21.00,1279,12.47,11.76976,10.72004,18.30404,4.704443,-88.64029,-10.96087,11.09697,284.2469,281.5009,359.1803,13.59959,-77.67942,0.2568271,-64.07983,0.372,0.349,0.443,10.71,10.55,11.09
2016-08-19 0:00:00,0.00,4075,12.39,5.097011,-0.04596338,-1.936942,1.543126,-47.90832,-3.235502,4.382899,277.5329,288.4801,333.1529,-3.480068,-44.67282,-0.9032797,-48.15289,0.338,0.316,0.414,-0.129,-0.782,-1.27
2016-08-19 0:15:00,0.25,4076,12.45,4.903761,-0.3597788,-0.6574033,1.112879,-18.90015,0.8175513,4.118828,277.2688,316.2098,335.9275,-1.770282,-19.7177,INF,-21.48798,0.338,0.315,0.414,-0.448,-1.132,-1.642
2016-08-19 0:30:00,0.50,4077,12.37,4.790515,-0.4864687,-0.2286958,1.104091,-13.09126,2.917098,4.243189,277.3932,322.6202,338.6286,-1.332786,-16.00836,INF,-17.34115,0.337,0.315,0.414,-0.577,-1.26,-1.801
2016-08-19 0:45:00,0.75,4078,12.43,4.77426,-0.4541892,-0.3585324,0.7861261,-10.29878,3.578832,4.333019,277.483,325.8478,339.7254,-1.144659,-13.87761,INF,-15.02227,0.337,0.315,0.414,-0.546,-1.217,-1.782
2016-08-19 1:00:00,1.00,4079,12.33,4.803442,-0.3605185,-0.611944,1.047812,-19.01118,3.090895,4.416574,277.5666,317.5404,339.6425,-1.659755,-22.10208,NAN,-23.76183,0.337,0.315,0.414,-0.45,-1.106,-1.688
2016-08-19 1:15:00,1.25,4080,12.41,4.791945,-0.3605838,-1.713899,1.134769,-36.54087,-0.7254093,4.196111,277.3461,298.943,334.7585,-2.848668,-35.81546,-0.6827895,-38.66413,0.337,0.315,0.414,-0.447,-1.116,-1.711
2016-08-19 1:30:00,1.50,4081,12.41,4.647647,-0.6208264,-2.503144,0.8696207,-44.25209,-3.188605,3.626992,276.777,288.4875,329.551,-3.372764,-41.06348,-0.4709859,-44.43625,0.337,0.315,0.414,-0.707,-1.426,-2.019
2016-08-19 1:45:00,1.75,4082,12.32,4.398967,-1.044026,-1.473369,1.398616,-35.35292,0.1577012,3.331733,276.4817,295.9681,331.4787,-2.871985,-35.51062,-1.253411,-38.38261,0.337,0.315,0.414,-1.135,-1.893,-2.505
2016-08-19 2:00:00,2.00,4083,12.38,4.198069,-1.346053,-0.9500831,1.523755,-31.68442,-0.288203,3.341469,276.4915,299.6831,331.0794,-2.473838,-31.39621,-3.028308,-33.87005,0.337,0.315,0.413,-1.442,-2.227,-2.868
2016-08-19 2:15:00,2.25,4084,12.3,3.99458,-1.719683,-1.977963,0.8539226,-44.99925,-4.390426,2.984401,276.1344,284.6605,325.2693,-2.831885,-40.60882,-0.4403561,-43.44071,0.337,0.315,0.413,-1.816,-2.629,-3.294
2016-08-19 2:30:00,2.50,4085,12.36,3.690857,-2.247604,-1.351841,0.8763486,-33.85402,-2.799796,2.569796,275.7198,293.8297,324.884,-2.22819,-31.05422,-0.7116276,-33.28241,0.336,0.315,0.413,-2.35,-3.214,-3.895
2016-08-19 2:45:00,2.75,4086,12.28,3.419422,-2.680702,-1.077025,1.273879,-33.21901,-0.679102,2.4698,275.6198,293.9896,326.5295,-2.350904,-32.53991,-1.202443,-34.89082,0.336,0.315,0.413,-2.789,-3.668,-4.377
2016-08-19 3:00:00,3.00,4087,12.34,3.196707,-3.022243,-1.169983,1.111426,-29.52728,-0.3346066,2.457651,275.6076,297.6236,326.8163,-2.281409,-29.19267,-1.235482,-31.47408,0.336,0.315,0.413,-3.135,-4.037,-4.777
2016-08-19 3:15:00,3.25,4088,12.26,3.050381,-3.202831,-1.730939,1.57699,-39.25074,-0.5418146,2.451985,275.602,287.8734,326.5823,-3.307929,-38.70892,-1.170513,-42.01685,0.336,0.315,0.413,-3.318,-4.245,-5.016
2016-08-19 3:30:00,3.50,4089,12.31,2.872637,-3.5464,-2.896995,1.468949,-56.13056,-3.712292,1.962716,275.1127,268.6772,321.0955,-4.365944,-52.41827,-0.5419854,-56.78421,0.336,0.315,0.413,-3.661,-4.613,-5.408
2016-08-19 3:45:00,3.75,4090,12.22,2.542384,-4.149156,-3.288605,1.710694,-58.25909,-3.060447,1.479837,274.6298,264.2748,319.4734,-4.9993,-55.19864,-0.5556827,-60.19794,0.336,0.315,0.413,-4.271,-5.293,-6.109
2016-08-19 4:00:00,4.00,4091,12.3,2.100868,-4.956893,-2.740893,1.938854,-55.47701,-1.340984,0.7499661,273.9,263.641,317.777,-4.679747,-54.13602,-0.8101652,-58.81577,0.335,0.315,0.413,-5.088,-6.163,-7.005
2016-08-19 4:15:00,4.25,4092,12.29,1.656737,-5.677495,-2.338558,2.22789,-43.79357,-0.9705219,0.6136776,273.7636,274.6895,317.5125,-4.566448,-42.82305,-0.9599013,-47.38949,0.335,0.314,0.412,-5.818,-6.954,-7.842
2016-08-19 4:30:00,4.50,4093,12.22,1.273301,-6.295381,-2.509711,2.088153,-37.45435,-0.9779796,0.3688667,273.5189,279.8913,316.3677,-4.597864,-36.47638,-0.9131384,-41.07424,0.335,0.314,0.412,-6.445,-7.613,-8.54
2016-08-19 4:45:00,4.75,4094,12.28,0.9287208,-6.867568,-2.355847,2.320888,-33.84087,-0.5722053,0.182825,273.3328,282.642,315.9106,-4.676735,-33.26866,-1.015491,-37.9454,0.335,0.314,0.412,-7.027,-8.22,-9.19
2016-08-19 5:00:00,5.00,4095,12.19,0.6697015,-7.238493,-2.424462,2.395659,-31.97048,-0.4225134,-0.007161119,273.1428,283.6336,315.1816,-4.820121,-31.54797,-1.379718,-36.36809,0.334,0.314,0.412,-7.405,-8.63,-9.63
2016-08-19 5:15:00,5.25,4096,12.27,0.4916439,-7.476717,-2.271902,2.533673,-28.64657,-0.697816,0.1090685,273.2591,287.4948,315.4435,-4.805575,-27.94876,-1.145252,-32.75433,0.334,0.314,0.412,-7.645,-8.89,-9.94
2016-08-19 5:30:00,5.50,4097,12.2,0.3107201,-7.782098,-2.781894,2.096343,-26.8682,-0.9539401,-0.144084,273.0059,288.1036,314.0179,-4.878238,-25.91426,-0.7774903,-30.79249,0.334,0.313,0.412,-7.955,-9.22,-10.29
2016-08-19 5:45:00,5.75,4098,12.27,0.1131036,-8.11618,-2.463817,2.336803,-25.37358,-0.8110458,-0.4723409,272.6776,288.0858,312.6484,-4.80062,-24.56253,-0.9723682,-29.36316,0.334,0.313,0.411,-8.29,-9.57,-10.68
2016-08-19 6:00:00,6.00,4099,12.2,-0.1113536,-8.479297,-2.579903,2.161521,-24.0953,-0.7974498,-0.7267771,272.4232,288.196,311.4938,-4.741424,-23.29785,-0.8511083,-28.03928,0.334,0.313,0.411,-8.66,-9.96,-11.09
2016-08-19 6:15:00,6.25,4100,12.26,-0.3481025,-8.869553,-2.332036,2.594672,-23.01161,-0.3161384,-1.00431,272.1457,288.0088,310.7043,-4.926708,-22.69547,-1.156702,-27.62218,0.333,0.313,0.411,-9.06,-10.37,-11.53
2016-08-19 6:30:00,6.50,4101,12.2,-0.5594215,-9.181749,-0.3540605,2.935755,-22.05552,-0.5957846,-1.024746,272.1252,288.8715,310.3313,-3.289815,-21.45974,-0.9524056,-24.74956,0.333,0.313,0.41,-9.38,-10.71,-11.91
2016-08-19 6:45:00,6.75,4102,12.26,-0.7184862,-9.408832,3.983778,3.753221,-21.26695,-0.3272859,-0.946701,272.2033,290.017,310.9567,0.2305567,-20.93966,1.085013,-20.70911,0.333,0.312,0.41,-9.61,-10.94,-12.18
2016-08-19 7:00:00,7.00,4103,12.27,-0.7883596,-9.47003,9.068102,3.926193,-20.74327,-0.6991233,-0.77828,272.3717,291.3118,311.3559,5.141908,-20.04415,0.4379165,-14.90224,0.333,0.312,0.41,-9.67,-11,-12.25
2016-08-19 7:15:00,7.25,4104,12.22,-0.8287574,-9.486468,15.64888,5.328897,-20.18374,-0.663244,-0.6679074,272.4821,292.3777,311.8981,10.31998,-19.5205,0.3438506,-9.200516,0.333,0.312,0.41,-9.69,-11.01,-12.28
2016-08-19 7:30:00,7.50,4105,12.28,-0.8247216,-9.426352,19.96925,5.409203,-19.561,-0.9410364,-0.5008735,272.6491,293.7675,312.3875,14.56004,-18.61996,0.2692164,-4.059916,0.333,0.312,0.41,-9.63,-10.92,-12.22
2016-08-19 7:45:00,7.75,4106,12.22,-0.7839729,-9.285491,24.8299,5.91303,-18.85027,-1.131588,-0.2360036,272.914,295.6984,313.417,18.91688,-17.71868,0.2380079,1.198198,0.332,0.312,0.41,-9.48,-10.76,-12.07
2016-08-19 8:00:00,8.00,4107,12.29,-0.6590715,-8.985739,28.49623,5.969603,-18.35984,-1.153242,0.02819451,273.1782,297.4076,314.6142,22.52662,-17.2066,0.2095472,5.320028,0.332,0.312,0.411,-9.18,-10.43,-11.76
2016-08-19 8:15:00,8.25,4108,12.23,-0.531348,-8.706577,35.46438,8.543693,-17.97927,-1.239839,0.3043308,273.4543,299.0688,315.8082,26.92068,-16.73943,0.2401979,10.18125,0.332,0.312,0.411,-8.9,-10.13,-11.46
2016-08-19 8:30:00,8.50,4109,12.5,-0.2784868,-8.1191,116.8653,18.30313,-18.17761,-2.686889,1.709185,274.8592,305.447,320.9377,98.56219,-15.49072,0.1965417,83.07147,0.332,0.312,0.411,-8.3,-9.5,-10.84
2016-08-19 8:45:00,8.75,4110,12.84,0.4392544,-6.377207,262.4779,37.313,-21.75208,-3.6253,4.163748,277.3138,313.5809,331.7077,225.1648,-18.12678,0.1419168,207.0381,0.332,0.312,0.411,-6.551,-7.762,-9.12
2016-08-19 9:00:00,9.00,4111,13.23,1.922917,-3.25487,315.0366,44.70714,-30.96985,-3.355866,5.549401,278.6994,311.1118,338.7257,270.3294,-27.61399,0.1417422,242.7155,0.332,0.312,0.411,-3.389,-4.494,-5.848
2016-08-19 9:15:00,9.25,4112,13.32,3.513321,-0.2541588,302.5692,44.36951,-50.96394,-3.284955,6.033251,279.1832,293.4977,341.1767,258.1997,-47.67899,0.1465223,210.5207,0.332,0.312,0.411,-0.35,-1.296,-2.613
2016-08-19 9:30:00,9.50,4113,13.36,4.820459,2.066197,285.7637,47.21843,-82.6893,-3.770049,6.479308,279.6293,263.9791,342.8983,238.5453,-78.91925,0.1654808,159.6261,0.332,0.312,0.411,1.999,1.2,-0.07
2016-08-19 9:45:00,9.75,4114,13.65,5.780534,3.69509,305.6573,50.51085,-92.27547,-3.443235,7.039581,280.1896,257.1812,346.0135,255.1465,-88.83224,0.1652162,166.3143,0.333,0.312,0.411,3.647,2.969,1.776
2016-08-19 10:00:00,10.00,4115,14.01,6.576748,5.149343,466.3048,79.17899,-98.24432,0.4754784,8.421003,281.571,258.1639,356.8837,387.1258,-98.7198,0.1695376,288.406,0.333,0.312,0.411,5.108,4.515,3.396
2016-08-19 10:15:00,10.25,4116,14.11,7.679753,7.320647,474.0994,78.885,-103.3498,-2.455834,10.27561,283.4256,262.5333,363.4272,395.2144,-100.8939,0.1659415,294.3205,0.333,0.312,0.412,7.29,6.773,5.715
2016-08-19 10:30:00,10.50,4117,14.05,8.718403,9.069992,545.782,90.30029,-103.707,0.704155,10.66111,283.8111,264.1719,368.5831,455.4818,-104.4112,0.1653276,351.0706,0.333,0.312,0.412,9.06,8.69,7.746
2016-08-19 10:45:00,10.75,4118,14,9.605592,10.62922,576.9651,95.43999,-108.8738,1.952297,11.43747,284.5875,263.0461,373.8721,481.5251,-110.8261,0.1652813,370.699,0.333,0.312,0.412,10.62,10.34,9.51
2016-08-19 11:00:00,11.00,4119,13.87,10.46946,12.14345,650.3069,107.4014,-112.9482,2.945614,12.52431,285.6743,264.6846,380.5785,542.9055,-115.8939,0.1651549,427.0116,0.334,0.312,0.412,12.14,11.98,11.22
2016-08-19 11:15:00,11.25,4120,13.95,11.3425,13.6679,670.4774,110.1352,-116.3779,4.128575,13.66179,286.8118,267.3079,387.8144,560.3422,-120.5065,0.16425,439.8357,0.334,0.312,0.412,13.67,13.63,12.96
2016-08-19 11:30:00,11.50,4121,13.81,12.21607,15.10023,698.9457,113.6925,-118.3815,4.790948,14.41837,287.5684,269.3653,392.5377,585.2532,-123.1725,0.1626504,462.0808,0.334,0.312,0.411,15.11,15.25,14.67
2016-08-19 11:45:00,11.75,4122,14.16,12.91919,16.14474,703.4932,114.1801,-117.078,6.631305,14.36798,287.518,270.3966,394.1059,589.3132,-123.7093,0.1622672,465.6038,0.334,0.312,0.411,16.16,16.48,16
2016-08-19 12:00:00,12.00,4123,13.76,13.43664,16.79082,766.7779,126.1366,-119.3171,11.77639,15.20415,288.3541,272.6911,403.7845,640.6412,-131.0935,0.1644939,509.5477,0.335,0.312,0.411,16.8,17.4,17
2016-08-19 12:15:00,12.25,4124,13.28,14.03919,17.66608,741.2218,119.7754,-119.4708,9.956519,16.07397,289.224,277.2824,406.7098,621.4465,-129.4274,0.1614442,492.0191,0.335,0.312,0.411,17.68,18.49,18.18
2016-08-19 12:30:00,12.50,4125,13.31,14.47709,18.06065,800.5347,131.0899,-120.5096,12.99,16.19567,289.3457,276.9124,410.4121,669.4448,-133.4996,0.1637529,535.9453,0.335,0.312,0.411,18.08,19.15,18.95
2016-08-19 12:45:00,12.75,4126,13.23,14.81273,18.27815,810.6702,133.5515,-119.7728,15.9388,16.50104,289.651,279.3299,415.0414,677.1187,-135.7116,0.1647207,541.4071,0.336,0.312,0.411,18.29,19.66,19.57
2016-08-19 13:00:00,13.00,4127,13.22,15.11045,18.4897,859.0985,141.9255,-117.3866,15.87727,16.90237,290.0524,283.9319,417.1957,717.173,-133.2638,0.1651843,583.9092,0.336,0.313,0.411,18.5,20.11,20.14
2016-08-19 13:15:00,13.25,4128,13.12,15.34166,18.60324,815.5604,136.7683,-113.8154,17.77104,16.98866,290.1386,287.9812,419.5676,678.7922,-131.5864,0.1675429,547.2057,0.337,0.313,0.41,18.62,20.36,20.52
2016-08-19 13:30:00,13.50,4129,13.19,15.51314,18.77653,713.3385,118.1061,-113.8476,14.57351,17.30154,290.4515,289.6843,418.1054,595.2324,-128.4211,0.1653058,466.8113,0.337,0.313,0.41,18.79,20.51,20.78
2016-08-19 13:45:00,13.75,4130,13.19,15.59093,18.84484,813.0208,136.2812,-120.7026,20.94889,17.33937,290.4894,283.0404,424.6919,676.7397,-141.6515,0.1675024,535.0882,0.337,0.313,0.41,18.86,20.44,20.82
2016-08-19 14:00:00,14.00,4131,13.19,15.5921,18.60619,827.631,139.4969,-123.8583,21.78615,17.99304,291.143,283.5316,429.176,688.1342,-145.6444,0.1685325,542.4897,0.337,0.313,0.41,18.62,20.27,20.74
2016-08-19 14:15:00,14.25,4132,13.12,15.62201,18.17099,802.4557,135.5635,-124.4511,20.48295,18.42136,291.5713,285.3404,430.2745,666.8922,-144.9341,0.1689041,521.9581,0.337,0.313,0.41,18.19,20.16,20.71
2016-08-19 14:30:00,14.50,4133,13.2,15.67765,17.77851,811.6203,138.0067,-123.842,22.55492,18.95551,292.1055,288.9609,435.3578,673.6136,-146.3969,0.1700602,527.2167,0.338,0.313,0.409,17.79,20.05,20.73
2016-08-19 14:45:00,14.75,4134,13.08,15.80468,17.67178,765.6097,131.2673,-123.3703,18.67449,19.2179,292.3679,290.9175,432.9624,634.3424,-142.0448,0.1714291,492.2976,0.338,0.313,0.409,17.68,20.1,20.9
2016-08-19 15:00:00,15.00,4135,13.21,15.97847,17.44336,797.6123,138.2167,-124.2816,22.56546,19.74297,292.8929,292.9922,439.8392,659.3956,-146.847,0.173288,512.5486,0.338,0.313,0.409,17.45,20.22,21.15
2016-08-19 15:15:00,15.25,4136,13.31,16.24229,17.49844,763.5954,131.5589,-121.912,17.81827,19.91866,293.0686,296.363,436.0933,632.0365,-139.7303,0.1722816,492.3062,0.337,0.312,0.409,17.5,20.56,21.59
2016-08-19 15:30:00,15.50,4137,13.05,16.51805,17.66603,683.0183,119.5282,-113.7406,16.3238,19.30106,292.451,301.0198,431.0842,563.4901,-130.0644,0.1748545,433.4257,0.338,0.312,0.409,17.67,20.93,22.07
2016-08-19 15:45:00,15.75,4138,13.19,16.79218,18.01003,713.4872,127.0921,-112.3877,21.95274,19.46558,292.6156,303.311,437.6515,586.3951,-134.3405,0.1779797,452.0546,0.338,0.313,0.409,18.01,21.35,22.6
2016-08-19 16:00:00,16.00,4139,13.06,17.14031,18.5879,655.1928,117.5632,-115.5302,14.82113,19.18651,292.3365,298.5839,428.9352,537.6296,-130.3513,0.1783659,407.2783,0.338,0.313,0.409,18.59,21.91,23.23
2016-08-19 16:15:00,16.25,4140,13.18,17.37389,18.87849,664.4449,122.4799,-111.8381,16.19894,18.5118,291.6618,298.4624,426.4995,541.965,-128.0371,0.1842106,413.9279,0.338,0.313,0.409,18.88,22.22,23.59
2016-08-19 16:30:00,16.50,4141,13.09,17.50912,19.01637,622.8577,117.1297,-112.352,15.97019,18.28774,291.4377,296.6891,425.0113,505.728,-128.3222,0.1874195,377.4057,0.338,0.313,0.409,19.02,22.36,23.77
2016-08-19 16:45:00,16.75,4142,13.2,17.64879,19.0444,595.821,114.4577,-114.3859,15.85387,18.44354,291.5935,295.5308,425.7706,481.3633,-130.2398,0.192094,351.1236,0.338,0.313,0.409,19.05,22.52,23.96
2016-08-19 17:00:00,17.00,4143,13.08,17.76768,19.27306,547.024,106.7615,-111.7605,12.94968,17.96247,291.1125,295.4577,420.1679,440.2624,-124.7101,0.1951827,315.5522,0.338,0.313,0.409,19.28,22.64,24.09
2016-08-19 17:15:00,17.25,4144,13.18,17.78776,19.19476,516.5124,104.3196,-114.5412,15.23581,18.28681,291.4368,294.4976,424.2745,412.1928,-129.777,0.2019387,282.4158,0.338,0.313,0.409,19.2,22.57,24.05
2016-08-19 17:30:00,17.50,4145,13.06,17.9905,19.39078,536.7433,110.848,-120.034,11.59703,19.37351,292.5235,295.1364,426.7675,425.8953,-131.6311,0.2065103,294.2642,0.338,0.312,0.408,19.39,22.9,24.4
2016-08-19 17:45:00,17.75,4146,13.16,18.33456,20.07966,480.6438,99.74082,-115.1517,6.621064,18.81742,291.9674,296.8743,418.6471,380.903,-121.7728,0.2075362,259.1302,0.338,0.312,0.408,20.08,23.46,24.98
2016-08-19 18:00:00,18.00,4147,13.16,18.44983,20.34814,408.4098,87.8689,-114.8494,6.643259,18.563,291.713,295.7386,417.2313,320.5409,-121.4927,0.2152119,199.0482,0.338,0.312,0.409,20.35,23.56,25.1
2016-08-19 18:15:00,18.25,4148,13.07,18.47599,20.45565,377.4796,84.75332,-116.6205,3.805391,18.48497,291.6349,293.5291,413.955,292.7262,-120.4259,0.2245666,172.3003,0.338,0.312,0.409,20.46,23.5,25.06
2016-08-19 18:30:00,18.50,4149,13.17,18.47139,20.50793,349.1292,82.98615,-115.9423,2.853882,18.22818,291.3782,292.7641,411.5602,266.143,-118.7962,0.2377983,147.3468,0.338,0.312,0.409,20.51,23.4,24.96
2016-08-19 18:45:00,18.75,4150,13.15,18.46518,20.6627,294.6977,72.27266,-114.6237,-1.044796,18.26122,291.4112,294.2681,407.847,222.425,-113.5789,0.2452241,108.8461,0.338,0.312,0.409,20.66,23.31,24.87
2016-08-19 19:00:00,19.00,4151,13.07,18.39514,20.90341,105.6507,19.09672,-107.6309,-15.58177,16.96945,290.1194,294.0796,386.1286,86.55396,-92.0491,0.1557177,-5.495136,0.338,0.313,0.409,20.91,23.06,24.59
2016-08-19 19:15:00,19.25,4152,13.02,17.70441,19.8841,85.25291,15.44099,-95.30366,-11.67411,14.57942,287.7294,293.3185,376.9481,69.81192,-83.62955,0.1802948,-13.81763,0.338,0.313,0.409,19.91,21.58,23.07
2016-08-19 19:30:00,19.50,4153,13.05,16.61589,18.13721,95.2516,17.89952,-86.20849,-5.990056,13.57756,286.7275,297.0231,377.2415,77.35208,-80.21843,0.187853,-2.866343,0.338,0.313,0.409,18.16,19.47,20.9
2016-08-19 19:45:00,19.75,4154,12.83,15.64293,16.7208,67.18666,13.25135,-85.5386,-8.592066,13.31936,286.4693,296.3142,373.2607,53.93532,-76.94653,0.1971966,-23.01121,0.338,0.313,0.409,16.74,17.68,18.99
2016-08-19 20:00:00,20.00,4155,12.8,14.84817,15.51026,53.84525,11.65798,-82.5146,-9.258102,13.02511,286.1751,297.7716,371.0281,42.18727,-73.25651,0.2189472,-31.06923,0.338,0.313,0.409,15.53,16.21,17.41
2016-08-19 20:15:00,20.25,4156,12.67,14.20416,14.53376,45.19794,10.57514,-72.41503,-10.73311,12.79271,285.9427,306.6376,368.3195,34.62281,-61.68192,0.2332981,-27.05912,0.337,0.313,0.409,14.55,15.02,16.1
2016-08-19 20:30:00,20.50,4157,12.66,13.59914,13.54486,17.59166,3.87218,-68.07278,-13.50106,11.80235,284.9523,305.7597,360.3315,13.71948,-54.57172,0.2288288,-40.85224,0.337,0.313,0.409,13.56,13.9,14.86
2016-08-19 20:45:00,20.75,4158,12.61,12.86423,12.33609,4.266615,2.11734,-56.51719,-9.620149,10.81205,283.962,312.1424,359.0394,2.149275,-46.89704,0.4945743,-44.74776,0.337,0.313,0.409,12.34,12.55,13.38
2016-08-19 21:00:00,21.00,4159,12.49,12.21254,11.31781,-0.7358021,1.161077,-52.76358,-10.79068,10.70718,283.8571,315.3519,357.3248,-1.896879,-41.9729,INF,-43.86978,0.337,0.312,0.409,11.32,11.39,12.13
2016-08-19 21:15:00,21.25,4160,12.58,11.69464,10.54295,-0.9100551,2.901909,-54.83672,-8.752581,10.68097,283.831,313.1428,359.2269,-3.811964,-46.08414,NAN,-49.8961,0.336,0.312,0.409,10.54,10.48,11.13
2016-08-19 21:30:00,21.50,4161,12.45,11.33495,10.0606,-1.571141,1.916814,-57.95982,-11.27174,10.79007,283.9401,310.5854,357.2735,-3.487955,-46.68808,-4.467256,-50.17604,0.336,0.312,0.409,10.05,9.88,10.43
2016-08-19 21:45:00,21.75,4162,12.56,11.17467,9.992907,-2.030987,1.830707,-56.94142,-13.67956,11.46555,284.6155,315.1232,358.3851,-3.861694,-43.26186,INF,-47.12355,0.336,0.312,0.409,9.98,9.72,10.18
2016-08-19 22:00:00,22.00,4163,12.49,11.04139,9.733777,-4.15257,-1.349704,-53.01043,-16.33888,10.28923,283.4392,312.9455,349.6171,-2.802866,-36.67155,0.3057706,-39.47442,0.336,0.312,0.409,9.73,9.45,9.84
2016-08-19 22:15:00,22.25,4164,12.55,10.6133,8.97307,-1.502371,1.57426,-45.96885,-8.760025,9.399444,282.5494,315.409,352.6178,-3.076631,-37.20883,-3.745789,-40.28546,0.335,0.312,0.408,8.96,8.66,8.99
2016-08-19 22:30:00,22.50,4165,12.42,10.25629,8.521846,-0.1558096,2.888603,-48.01335,-8.570455,10.06584,283.2158,316.7873,356.2301,-3.044413,-39.44289,INF,-42.4873,0.335,0.312,0.408,8.5,8.13,8.37
2016-08-19 22:45:00,22.75,4166,12.54,10.20319,8.587295,-1.631883,1.802833,-50.12707,-11.67323,10.6026,283.7526,317.4452,355.899,-3.434716,-38.45383,-1.521043,-41.88855,0.335,0.312,0.408,8.57,8.15,8.31
2016-08-19 23:00:00,23.00,4167,12.46,10.23174,8.725634,-2.003766,2.104129,-54.83047,-13.77927,10.6594,283.8094,313.0365,354.0877,-4.107895,-41.0512,-0.2885856,-45.1591,0.335,0.312,0.408,8.7,8.27,8.38
2016-08-19 23:15:00,23.25,4168,12.52,10.20576,8.729553,-2.979498,0.842886,-60.7351,-15.99317,10.37423,283.5242,305.6565,350.3985,-3.822384,-44.74192,-1.280229,-48.56431,0.335,0.312,0.409,8.71,8.26,8.32
2016-08-19 23:30:00,23.50,4169,12.52,10.05359,8.49625,-1.919129,1.913762,-62.5981,-15.08564,10.01398,283.164,301.9337,349.4462,-3.832891,-47.51245,-2.165763,-51.34534,0.334,0.311,0.409,8.48,7.992,8.01
2016-08-19 23:45:00,23.75,4170,12.45,9.839602,8.171987,-2.666591,1.543135,-66.49984,-16.04037,9.664841,282.8148,296.2375,346.697,-4.209725,-50.45948,-0.9830688,-54.6692,0.334,0.311,0.409,8.16,7.625,7.593